0,3171.64,1228.88,525.042,985.049,1166.63,1002.85,1231.44,1249.55,1965.1,1071.87,2029.93,2848.65,2768.15,2898.05,2125.41,1633.64,671.892,854.494,688.779,1034.13,1193.29,1255.94,871.652,1278.04,585.635,3357.93,1669.95,1219.4,1183.33,897.826,1301.76,1286.45,703.687,792.148,789.92,2045.51,1271.15,1244.98,1037.61,768.39,1377.89,687.097,713.386,1024.63,1448.02,889.037,2716.57,180.92,691.673,2546.74,1214.39,1621.59,1050.55,979.63,1696.09,671.994,1226.67,1220.44,1116.23,556.723,898.585,1225.59,1247.32,1040.5,1515.34,1742.12,1165.54,935.384,1112.55,1687.03,1051.44,1387.9,691.555,1214.81,1149.97,500.157,503.54,1088.96,858.872,1588.61,1515.33,876.026,951.227,737.861,523.067,717.247,630.217,484.916,1184.53,2686.1,676.527,532.857,1057.6
719.601013,3571.34,1205.29,579.945,861.35,1151.98,1177.69,1024.33,1244.42,1962.04,1074.52,1808.21,2946.91,2410.14,2911.77,2104.87,1657.14,694.623,734.122,599.215,893.244,1232.4,1292.7,724.509,1269.37,574.634,3695.72,1656.02,1185.31,1017.65,929.204,1294.71,1286.62,772.81,862.173,775.199,2142.31,1415.25,1322.12,1024.47,729.634,1484.49,745.748,834.386,1135.02,1428.9,1007.57,2812.94,202.272,648.932,2598.53,1354.51,1066.12,1128.41,980.907,1600.52,649.957,1208.26,1351.24,1148.3,577.494,866.796,1293.27,1573.13,1023.53,1484.91,1756.12,1146.46,843.485,1112.75,1927.76,1144.28,1271.02,394.605,1089.74,1125.49,518.083,681.504,1167.5,845.207,1506.19,1410.47,661.898,1076.09,769.818,521.233,692.489,645.737,478.094,1334.97,2499.43,770.59,555.703,1014.01
1439.607056,3396.43,1223.48,492.884,905.531,1135.21,1127.94,1251.66,1258.67,1552.39,1120.86,1974.38,2654.27,2453.31,2762.89,2126.55,1706.36,708.921,756.195,623.415,972.086,1280.48,1222.88,753.129,1393.74,547.11,3713.38,1626.22,1266.82,992.799,912.488,1254.37,1288.48,772.716,913.994,869.552,2194.99,1421.61,1388.76,1023.12,692.512,1486.73,730.853,1095.84,1242.26,1296.69,1069.72,2671.14,175.975,661.432,2715.58,1316.98,1488.77,989.155,744.293,1877.78,416.14,1168.4,1276.58,1188.21,749.61,936.626,1278.2,1432.13,952.707,1549.2,1598.78,1082.74,844.975,1131.94,1863.41,1111.75,1299.83,322.46,1090.69,1107.34,425.51,847.119,1234.19,853.374,1691.85,1395.03,722.623,1112.27,739.369,497.869,732.863,643.627,456.391,1449.48,2814.5,1112.4,564.122,912.055
2159.618896,3158.75,1260.4,488.333,927.718,1244.82,1086.6,1207.58,1205.53,1757.2,1145.79,1884.93,2643.68,2449.48,2756.47,1905.41,1758.5,675.061,766.871,562.646,947.457,1327.52,1297.15,736.945,1265.8,597.049,3798.86,1650.69,1314.61,1146.24,770.093,1253.03,1342.52,939.988,1085.8,819.872,2131.04,1408.27,1458.23,1107.33,743.006,1580.99,707.773,1275.38,1233.98,1125.79,974.215,2365.75,171.607,639.196,2622.15,1434.14,1894.48,1039.01,716.282,1728.3,398.963,1068.88,1344.69,1128.8,833.589,975.123,1361.91,1386.63,923.049,1589.44,1635.35,1128.08,803.018,1156.7,1719.25,940.114,1332.4,335.718,1299.05,1284.44,461.924,866.413,1234.03,854.191,1756.46,1481.67,671.489,912.967,801.975,489.017,816.91,624.419,426.804,1448.86,2592.77,1315.74,663.795,1010.57
2879.620117,3221.47,1175.51,612.828,918.143,1247.4,986.92,1167.4,1221.52,1536.34,1123.42,1805.15,2589.16,2412.58,2594.21,2047.7,1622.62,732.393,722.426,557.482,911.241,1249.05,1235.43,691.787,1237.87,565.583,3531.53,1476.76,1271.08,1115.96,657.031,1282.41,1427.39,948.479,1248.73,771.433,1970.57,1351.07,1325.41,1056.52,722.846,1436.74,769.294,1343.6,1247.66,1054.66,1175.79,2593.2,193.307,644.17,2431.68,1608.76,1482.95,1092.43,546.418,1748.04,495.018,1123.32,1382.42,1245.97,762.049,981.932,1471.99,1333.15,1004.48,1681.74,1589.37,1162.25,849.239,1228.49,1654.1,887.406,1395.46,497.368,1193.41,1392.56,507.149,832.042,1385.97,779.16,1695.45,1351.58,803.021,953.801,731.211,561.18,703.623,700.723,454.338,1160.67,2516.44,1040.87,634.277,1030.61
3599.629883,3166.04,1141.09,551.787,920.548,1051.74,927.549,992.309,1213.55,1544.1,1057.87,1840.23,2502.88,2247.94,2463.64,1877.31,1713.77,660.707,697.272,579.209,898.944,1159.28,1274.26,773.145,1189.93,559.262,3303.17,1430.27,1201.83,1023.79,627.372,1230.12,1350.2,1016.53,1286.8,792.166,2050.43,1348.44,1327.92,1080.93,716.927,1678.7,888.816,1158.59,1234.17,1050.25,,2512.44,171.617,684.196,2362.57,1727.87,1254.23,1166.93,486.586,1435.28,441.926,1125.09,1328.15,1391.61,820.383,1010.4,1692.05,1385.24,808.659,1511.32,1426.98,1175.98,906.151,1245.51,1518.83,968.339,1244.17,485.273,1673.16,1498.14,520.373,689.118,1473.94,701.498,1499.52,1351.14,744.668,961.529,764.941,544.392,718.435,644.254,432.487,1116.95,2242.16,1206.4,653.197,1057.85
4319.634766,3097.12,1112.89,515.896,947.65,1076.62,856.086,1079.05,1480.49,1422.34,1217.33,2085.86,2784.1,2256.16,2698.83,2023.42,1615.07,775.787,861.309,569.301,973.574,,1190.19,722.142,1104.63,542.442,3188.07,1382.54,1190.21,1027.13,484.104,1231.38,1393.14,1100.8,1292.68,698.756,1965.98,1338.81,1338.82,1053.41,688.482,1592.58,942.068,1178.95,1255.39,1102.94,,2436.96,208.5,616.561,1979.93,1543.07,1530.29,1151.48,465.656,1871.11,543.573,1097.65,1416.89,1504.04,783.195,961.293,1696.31,1412.21,772.729,1350.22,1614.79,1189.59,840.031,1132.61,1562.87,1070.3,1424.19,449.809,2109.04,1498.63,537.273,768.453,1397.28,705.718,1517.49,1356.29,760.485,1066.39,791.775,544.856,730.387,722.071,416.517,1014.61,2152.35,1292.11,696.521,964.538
5039.646973,3220.8,1050.96,491.47,1016.95,1120.04,897.067,1039.21,1609.77,1466.67,1193.89,2142.07,2793.75,2681.42,2761.98,1972.75,1653.67,1074.86,758.567,728.201,1015.78,,1179.54,684.622,1053.54,437.432,3382.71,1361.98,1266.5,939.988,626.253,1226.72,1296.4,1145.86,1242.99,666.423,1998.1,1188.61,1340.02,1061.01,650.177,1661.6,920.544,1329.43,1205.91,1177.14,,1991.08,221.216,678.463,2510.4,1520.77,1393.75,1007.91,517.883,2052.98,680.746,1095.12,1324.36,1486.67,772.129,1052.75,1770.79,1454.77,675.97,1449.68,1662.93,1071.48,808.378,1061.09,1584.34,1078.41,1440.12,473.994,2202.93,1504.12,515.394,668.118,1404.34,670.192,1949,1175.27,794.745,1082.55,870.353,578.923,734.255,745.809,476.248,951.847,2333.64,1196.92,692.226,1044.37
5759.646973,3053.16,1124.42,676.414,1021.51,1109.23,894.411,1077.41,1516.09,1273.13,1333.2,1761.47,2791.28,2503.34,2712.93,1952.27,1575.91,1084.64,681.438,734.08,871.149,,1125.37,698.713,1038.2,452.823,3209.14,1355.91,1219.98,980.184,806.325,1189.61,1431.95,1344.7,1303.57,720.123,1854.44,1061.62,1181.38,1115.55,670.759,1587.55,965.628,1466.07,1098.54,1145.44,,2208.39,217.074,666.232,2280.5,1447.83,1587.66,990.173,502.932,2246.64,614.39,1046.07,1397.41,1480.67,771.549,1076.46,1673.97,1554.52,699.61,1628.24,1704.29,1056.41,783.238,1044.82,1399.92,1218.73,1351.59,384.681,1873.11,1460.76,490.117,690.751,1282.99,669.751,1810.42,1240.35,747.592,962.093,774.32,478.693,812.259,771.606,527.449,835.741,2038.85,890.875,672.521,838.424
6479.649902,2975.03,1212.9,646.835,950.208,1065.16,938.154,1098.23,1616.02,1459.32,1164.76,1962.99,2855.36,2601.93,2531.77,1878.05,1689.8,921.503,733.362,846.242,890.055,,1265.99,711.946,1160.14,458.098,3315.42,1341.87,1229.6,971.305,693.178,1197.94,1618.62,1477.67,1451.43,795.37,1802.35,1263.1,1265.37,1071.4,742.055,1499.83,878.922,1505.69,1134.75,1195.57,,2197.28,204.556,703.134,2359.8,1523.71,1687.01,958.75,464.579,2184.29,611.367,1164.18,1353.25,1404.47,590.515,1114.38,1679.11,1586.68,693.916,1609.42,1851.82,1141.61,807.798,1176.53,1322.64,1100.89,1204.6,442.466,1803.48,1425.76,557.924,647.77,1295.08,739.525,1810.43,1246.16,864.519,979.807,815.604,540.654,852.03,777.47,526.163,1029.75,2093.23,1165.15,662.188,817.764
7199.660156,2893.29,1108.61,619.213,977.839,1069.55,863.091,1045.2,1612.54,1432.39,1392.24,2099.83,2846.44,2474.62,2573.51,1796.86,1648.64,573.657,679.677,924.951,898.129,,1238.87,682.675,1140.61,459.62,3240.96,1281.88,1190.22,953.073,845.461,1193.87,1896.2,1402.32,1435.19,745.778,1670.46,1297.07,1334.49,1222.29,857.145,1496.2,924.817,1744.92,1079.48,1090.73,,2074.02,302.454,701.213,2425.27,1637.09,1587.01,1020.66,516.724,1738.53,542.384,1235.02,1415.71,1517.54,610.644,936.262,1725.19,1416.3,669.485,1741.98,1827.37,1307.97,754.165,1041.01,1488.81,1098.57,1061.29,331.331,1872.23,1361.38,582.398,584.801,1204.75,697.533,1800.1,1168.47,785.23,886.536,728.008,530.134,827.805,720.188,490.017,901.042,2007.75,1117.79,753.426,749.292
7919.674805,3103.93,1150.99,641.548,772.348,1064.83,862.189,1077.11,1568.57,1332.02,1188.14,1885.13,2746.34,2398.98,2679.07,1925.52,1841.94,552.884,702.21,826.747,984.921,,1164.77,686.713,1283.34,481.211,3349.13,1348.34,1175.1,958.201,843.509,1086.77,2039.58,1553.09,1565.33,716.335,1538.06,1319.41,1401.24,1247.54,913.638,1186.76,896.138,1828.11,1451.98,1065.74,,2435.61,411.399,696.865,2199.2,1674.91,1610.76,945.578,455.61,1615.44,584.847,1314.98,1413.64,1857.37,731.103,958.787,1625.33,1203.01,794.796,1813.51,1767.66,1309.55,718.494,1188.73,1383.32,1215.11,1057.71,340.939,1982.19,1532.87,604.411,601.157,1198.14,738.067,1785.72,1250.83,797.653,915.996,750.591,540.723,834.538,735.174,427.665,951.504,1863.02,1145.74,610.764,822.786
8639.68457,3016.95,1196.13,618.41,919.384,1076.44,852.599,1080.97,1736.02,1270.62,1038.18,1849.68,2799.64,2381.07,2844.69,1959.46,1557.83,462.921,624.27,734.62,899.632,,1151.86,665.006,1282.6,471.232,3220.58,1525.11,1277.83,955.787,745.105,1109.11,2016.96,1584.72,1465.2,759.744,1771,1284.39,1315.6,1297.87,827.164,1160.93,977.817,1900.76,1321.51,1095.77,,2542.51,378.969,,2205.18,2001.02,1524.61,1024.5,442.037,1662.85,598.105,1174.18,1580.08,2009.55,792.616,1017.6,1492.49,1237.78,697.829,1677.19,1678.01,1378.52,831.29,1146.26,1424,1327.96,1241.19,400.117,1924.71,1566.34,590.886,575.295,1091.42,682.466,1738.36,1246.27,813.19,871.352,739.936,646.227,819.279,785.051,389.483,939.081,1821.62,1154.32,653.25,739.402
9359.679688,3093.71,1131.66,625.827,909.031,1092.51,875.078,1028.22,1690.99,1180.99,952.262,1738.75,2569.46,2224.31,2953.1,2059.52,1529.17,445.279,643.889,704.592,925.329,,1213.09,681.479,1365.98,452.79,3038.76,1450.2,1297.32,1007.59,713.177,1087.06,2151.43,1651.23,1395.52,1103.14,1729.65,1264.94,1188.73,1412.48,805.917,1403.19,1010.4,2125.28,1384.91,1068.4,,2577.55,543.444,,2090.49,1889.36,1643.3,1011.09,424.748,1773.36,561.357,1343.2,1776.42,2015.19,786.055,1014.88,1327.66,1409.13,769.307,1800.99,1694.86,1307.01,753.518,1149.27,1249.28,1366.55,1268.23,463.213,1822.37,1528.13,660.699,534.342,1142.42,658.983,1808.12,1148.59,831.438,956.089,827.928,679.487,872.919,726.521,440.305,866.828,1857.14,1040.23,672.398,715.487
10079.69238,3196.59,1107.94,625.718,988.14,1037.41,842.172,992.258,1534.17,1188.49,912.036,1849.9,2541.18,2189.56,2941.75,1898.42,1386.62,381.884,602.321,776.89,1057.19,,1068.01,771.219,1255.9,401.695,2948.96,1634.87,1256.77,959.025,960.881,1133.42,2172.9,1878.75,1586.73,1461.15,1634.64,1271.86,1233.61,1332.45,942.317,1529.15,1011.97,1901.53,1594.94,1122.33,,2776.42,500.216,,1945.57,1766.47,1484.17,834.219,444.241,1496.79,557.794,1385.29,1904.02,1898.74,676.35,974.378,1348.46,1466.86,681.817,1664.02,1596.2,1280.47,744.564,1114.42,1473.85,1334.08,1281.01,515.569,1747.04,1458.1,636.928,617.05,1114.83,685.57,1812.68,1139.99,759.643,872.789,791.257,626.203,873.445,671.093,451.119,882.333,1617.82,992.31,680.265,666.813
10799.7002,2854.68,1071.79,632.402,992.213,1092.56,855.975,1013.98,1593.82,1107.53,835.988,1780.52,2562.5,2134.74,2834.65,1820.5,1423.42,298.628,582.926,950.518,943.427,,1046.79,749.755,1220.86,355.833,2947.07,1368.64,1255.73,1118.39,775.765,1225.94,2062.37,1620,1411.73,1428.85,1448.8,1296.24,1186.26,1219.37,1163.05,1441.25,975.598,2189.24,2001.35,1049.28,,2618.1,519.432,,2041.08,1872.33,1372.12,801.031,441.512,1563.85,522.659,1532.5,1928.17,1641.73,681.744,864.473,1450.63,1573.61,815.476,1749.23,1581.13,1192.55,778.276,1235.62,1496.27,1432.16,1338.63,508.062,1837.02,1407.5,718.791,635.735,960.367,655.254,1810.5,1246.36,785.054,836.158,872.806,673.549,827.66,728.811,430.894,867.278,1594.69,934.352,722.485,705.237
11519.70313,3192.81,1044.06,615.428,927.773,1057.16,839.253,1017.11,1708.85,1068.84,906.585,1341.21,2473.09,2094.48,2934.24,1925.48,1322.14,370.847,658.969,935.086,936.39,,1065.26,718.695,1352.69,389.933,2999.09,1463.22,1261.45,1178.98,874.232,1221.53,1975.47,1532.73,1298.47,1329.24,1441.84,1298.09,1109.41,1275.11,1205.17,1068.14,929.636,2493.64,2000.59,1012.77,,2276.35,528.963,,2269.01,1770.56,1369.43,779.167,385.579,1616.14,504.433,1608.43,1899.21,1540.33,681.006,986.258,1418.61,1622.87,664,1491.52,1538.56,1221.91,765.46,1255.17,1193.38,1529.15,1448.46,519.061,1835.96,1527.87,758.141,639.572,1032.77,700.271,1726.61,1193.11,763.825,870.502,818.966,677.907,884.389,750.686,421.949,915.042,1623.92,916.752,814.729,584.738
12239.70606,2973.38,1102.51,636.108,958.839,1021.84,831.097,1007.21,1668.32,975.265,1036.92,1700.35,2620.79,1765.36,2905.04,1838.21,1491.32,371.317,703.145,1076.74,865.294,,1193.68,777.762,1354.94,416.16,2629.58,1405.04,1295.8,1331.22,923.561,1188.77,1802.19,1604.85,1271.54,1027.96,1590.75,1330.93,1076.04,1343.76,1201.61,1568.72,1004.03,2275.91,1828.98,1045.44,,2478.16,440.423,,2002.77,2143.69,1236.48,739.725,304.669,1618.65,494.628,1719.36,1865.56,1603.83,575.773,914.085,1389.37,1591.76,586.994,1738.27,1635.54,1279.11,706.416,1192.48,1409.39,1433.6,1334.74,623.914,1794.85,1456.55,856.112,651.458,1057.05,701.17,1727.1,1144.61,740.914,759.305,713.03,647.754,861.911,764.013,450.449,836.894,1717.82,857.216,768.732,669.267
12959.7168,2768.78,1107.65,656.415,937.401,1132.82,789.284,1095.05,1805.32,1027.51,1063.64,1524.66,2670.96,1775.99,2983.1,1782.12,1318.57,294.368,,1028.85,894.436,,1214.16,700.276,1586.38,436.748,2938.03,1405.44,1191.7,1282.37,975.982,1237.4,1943.64,1773.6,1310.38,1063.18,1379.7,1290.29,1026.21,1349.05,1311.6,1475.06,901.923,2234.42,1721.22,1061.26,,2127.92,525.957,,2224.02,2197.93,1227.91,716.282,670.939,1644.82,466.03,1756.06,1822.54,1590.27,483.056,889.921,1325.61,1363.11,556.363,1878.91,1749.77,1265.66,767.736,1199.04,1495.63,1347.6,1485.07,461.706,1692.97,1337.8,758.8,653.958,927.004,715.47,1699.48,1095.96,747.954,818.975,784.169,700.949,952.462,758.734,407.957,830.631,1744.18,980.359,740.645,669.319
13679.72754,2494.99,1076.34,660.958,961.923,1093.28,654.031,1175.35,1877.45,904.988,1063.77,1641.15,2620.89,1811.07,3079.2,1915.94,1422.21,321.061,,1084.86,968.518,,1115.34,774.366,1646.74,408.545,2838.73,1275.24,1280.04,1230.53,969.442,1466.99,1830.3,1912.82,1348.06,1202.26,1346.22,1428.02,1107.39,1338.27,1427.64,1652.47,1000.11,2387.65,1525.05,1173.73,,2041.68,424.552,,2135.27,2140.06,1426.59,681.086,,1705.79,453.938,1576.49,2191.69,1606.24,558.817,893.171,1437.87,1224.34,451.833,2047.27,1725.84,1246.17,691.307,1332.54,1506.97,1335.69,1338.04,,1826.97,1388.55,918.894,482.555,1063.25,729.627,1670.49,1110.27,734.546,845.797,835.693,659.64,861.767,572.568,376.64,822.464,1605.13,950.915,786.729,769.833
14399.73145,2291.67,1033.26,633.784,929.615,977.364,786.521,1159.21,2040.23,885.072,1077.01,1716.82,2715.1,2182.15,2932.56,2045.71,1332.52,475.092,,857.055,1055.23,,1095.35,745.184,1929.42,447.872,2746.33,1453.47,1260.29,1150.21,1045.14,1288.44,1903.2,2032.89,1347.17,1444.85,1406.26,1504.78,1322.82,1529.89,1329.66,1543.51,1068.8,2585.99,1339.33,1120.49,,1930.52,421.172,,2007.29,2029.36,1466.96,692.787,,1544.51,456.199,1599.02,2259.6,1552.8,689.261,895.415,1444.26,1141.61,406.042,1804.56,1680.96,1412.82,727.419,1303.15,1492.27,1218.89,1285.82,,1707.36,1423.18,922.292,561.812,1039.29,685.693,1672.14,1147.5,738.201,679.681,769.987,672.41,971.617,644.248,490.866,816.609,1711.48,944.367,688.391,753.63
15119.73731,2459.28,1022.69,623.79,987.457,963.663,861.303,1185.99,1748.53,832.681,1012.3,1616.69,2573.93,2064.55,2660.14,2089.88,1334.09,487.598,,852.219,1133.18,,1204.01,764.166,2238.92,475.626,2893.77,1509.38,1388.03,1230.32,1020.11,1272.98,1873.69,1941.15,1313.82,1703.12,1385.02,1429.86,1615.14,1702.62,1188.26,1781.6,892.915,2576.75,1398.69,1182.2,,2144.45,470.105,,2099.64,1938.06,1645.73,622.915,,1492.77,440.713,1619.04,2532.23,1431.36,660.13,979.738,1409.49,972.127,521.061,1777.05,1711.36,1605.64,649.221,1207.75,1445.14,1217.49,1179.89,,1773.31,1362.88,927.043,565.765,937.13,647.381,1484.95,1092.47,726.835,751.216,714.388,700.936,937.602,557.842,420.449,655.868,1603.62,919.285,718.472,
15839.74316,2617.71,1032.09,629.528,866.061,988.227,999.432,1262.05,1728.11,805.933,925.928,1740.57,2276.33,1882.72,2398.37,2073.46,1316.85,,,828.687,1077.83,,1175.54,824.427,2377.56,526.686,2649.92,1540.36,1320.28,1303.17,998.782,1244.71,1851.55,2165.25,1394.02,1646.19,1314.1,1525.15,1676.6,1531.74,1307.76,1803.93,787.652,2383.23,1333.46,1115.16,,2140,474.605,,2143.5,2093.89,1857.32,582.804,,1273.48,419.528,1772.49,2236.34,1484.16,709.62,955.146,1096.77,903.663,884.323,1813.92,1677.06,1606.33,552.976,1274.65,1247.26,1337.99,1448.29,,1785.27,1201.24,853.924,476.95,915.262,658.414,1601.91,1027.08,703.869,762.555,756.599,657.152,846.938,650.479,405,696.97,1630.24,835.385,707.397,
16559.74609,2031.42,1036.71,670.451,896.679,1019.35,931.765,1368.45,1754.9,789.945,897.438,1764.85,2212.78,2012.52,2626.2,1985.04,1166.89,,,935.018,862.951,,1222.49,832.114,,586.583,2896.82,1521.1,1337.4,1307.48,937.018,1296.17,1756.78,2066.64,1410.16,1505.85,1334.23,1458.21,1658.89,1626.33,1613.14,1552.01,902.43,2289.49,1781.87,1133.83,,2178.43,461.81,,2148.69,1854.01,1832.54,603.75,,1245.69,360.012,2121.26,2273.44,1421.21,733.457,969.348,942.506,1037.15,683.048,1860.52,1591.08,1563.87,595.506,1288.53,1271.82,1275.96,1405.96,,1693.61,1184.48,935.82,544.059,855.822,619.359,1445.76,1067.42,743.57,766.515,679.7,609.872,838.009,695.115,429.902,786.098,1568.74,835.13,761.681,
17279.74805,2389.01,1009.55,833.139,950.701,1065.05,1217.39,1451.42,1679.33,713.632,854.632,1585.28,2621.13,1888.04,2732.03,1999.19,1162.23,,,1002.18,904.386,,1229.99,773.331,,686.738,2765.58,1411.84,1307.36,1255.42,958.411,1252.31,1631.03,1814.86,1302.68,1368.91,1248.71,1320.83,1670.48,1642.76,1420.53,1813.66,872.877,2311.79,1818.95,1048.36,,2182.52,593.595,,2055.32,1566.81,1747.87,568.663,,1073.22,383.715,2165.19,2224.41,1398.7,570.675,914.543,831.207,1024.53,719.363,2080.41,1638.46,1502.45,650.512,1364.67,1363,1304.5,1177.36,,1727.79,1058.9,943.502,560.881,936.714,567.185,1527.12,506.852,733.378,726.373,667.226,665.79,866.791,697.833,424.242,706.265,1559.76,849.958,737.248,
17999.76172,2362.73,952.799,753.963,828.546,1151.17,1188.59,1433.55,1632.89,780.313,808.661,1678.55,2249.13,1814.49,2603.77,1826.35,1146.42,,,1012.22,1065.93,,1130.82,817.384,,592.129,2493.65,1712.63,1266.9,1156.93,904.994,1210.97,1771.42,1887.01,1537.4,875.897,1309.42,1297,1587.01,1496.7,1399.66,1800.38,803.994,2135.66,1921.82,976.19,,2088.59,438.315,,1865.27,1772.87,1734.11,552.239,,1045.2,369.702,2510.25,2234.8,1525.5,579.464,867.707,788.423,1150.34,778.581,2134.7,1565.57,1548.37,688.421,1275.02,1341.18,1254.41,1251.48,,1618.9,,1026.96,579.674,912.198,544.75,1239.54,1030.95,723.646,632.671,741.847,775.817,955.1,623.944,368.703,780.343,1478.85,808.685,679.19,
18719.76367,2223.66,982.372,574.793,813.817,1080.51,1304.15,1566.51,1647.31,732.571,727.116,1414.2,2554.9,1842.28,2633.14,1927.36,1157.1,,,1144.49,1018.77,,1097.09,853.957,,1266.2,2328.73,1746.99,1172.68,1173.29,938.669,1244.2,1687.29,1994.78,1326.32,1352.64,1291.67,1441.28,1257.79,1618.15,1391.06,1832.15,904.81,2117.56,2082.43,991.282,,1844.26,432.358,,2080.88,1921.67,1715.41,493.583,,1393.82,413.574,2534.86,2235.35,1174.22,522.299,1011.04,978.546,1099.72,632.515,2208.48,1678.1,1452.99,684.598,1269.61,1322.61,1227.1,1244.84,,1484.18,,1049.71,598.916,836.097,580.662,1338.32,994.511,697.459,661.827,724.545,676.564,886.94,628.873,427.203,764.996,1404.03,772.895,608.184,
19439.77734,2447.64,973.89,626.262,911.537,1028.13,1412.78,1779.08,1689.6,716.253,730.5,1593.4,2718.95,1790.81,2616.72,2026.4,1294.36,,,759.129,1072.52,,1111.12,1040.47,,1106.17,2371.69,1561.79,1329.98,1257.4,928.305,1311.97,1683.97,1774.06,1380.83,1381.29,1180.12,1623.48,1339.32,1799.22,1454.07,1846.59,855.327,2277.61,1996.67,952.256,,1664.1,526.698,,2091.75,1731.2,1747.55,488.454,,1444.93,428.006,2292.71,2266.43,1263.69,468.012,947,1105.7,1103.22,770.482,1938.99,1679.38,1511.24,658.719,1273.14,1327.01,1191.78,987.695,,1452.21,,1031.92,518.987,840.322,535.684,1273.88,970.67,676.565,621.779,725.216,739.797,836.504,597.406,416.992,704.034,1385.25,692.347,671.596,
20159.78516,2266.59,1001.13,708.558,909.781,1024.8,1332.27,1618.61,1809.25,769.92,713.65,1713.85,2611.3,1404.07,2587.31,1783.53,1222.67,,,785.204,1258.8,,1136.22,864.836,,1023.48,2451.27,1598.44,1334.19,1331.91,870.433,1328.71,1680.04,1480.39,1661.86,2037.42,1090.47,2008.96,1183.64,1847.38,1375.96,1808.34,789.552,2169.19,2064.27,1012.38,,1556.1,578.325,,2062.45,1734.33,1585.5,659.216,,1313.64,408.153,2370.51,2317.77,1186.65,595.73,829.515,1425.51,1043.96,612.926,2268.86,1707.77,1441.97,690.079,1207.82,1376.03,1200.41,1113.37,,1366.66,,1084.97,545.616,844.667,591.105,1250.79,969.448,657.171,637.975,758.789,739.35,905.051,599.267,424.661,768.684,1481.56,727.494,663.992,
20879.79102,2488.39,967.804,706.073,919.933,961.665,1341.06,1562.7,1786.34,730.951,685.81,1675.02,2471.68,1356.92,2613.02,1691.85,1365.75,,,723.883,1312.47,,1116.12,933.854,,1218.21,2412.74,2037.75,1118.48,1493.86,894.151,1267.53,1693.61,1500.14,1727.94,1906.73,1325.66,2236.63,1250.56,1970.82,1428.59,1668.8,769.583,2297.78,2357.77,1121.36,,1858.18,630.521,,2081.92,,1572.16,573.062,,1324.98,378.083,2497.78,2475.2,1235.82,588.883,912.141,1172.24,953.488,540.898,2165.12,1641.9,1481.79,599.629,1339.96,1257.67,1159.66,1067.23,,1323.62,,1081.49,519.086,892.941,606.258,1231.87,864.779,640.831,557.08,767.675,706.017,903.165,625.764,449.093,756.962,1445.12,614.867,640.588,
21599.79102,2555.37,998.294,816.576,861.412,952.759,1431.92,1837.12,1794.38,679.819,699.424,1246.16,2528.77,1391.32,2582.15,1837.29,1473.99,,,757.768,1347.55,,1191.89,923.402,,957.657,2300.46,2112.93,1460.83,1585.54,864.591,1443.15,1642.88,1481.96,1733.88,1607.87,1349.33,1921.68,1324.35,1969.57,1481.27,1801.84,688.512,2397.88,2269.52,1180.15,,1706.14,617.301,,1792.45,,1141.93,553.374,,1242.2,370.604,2708.04,2324.94,1273.02,554.374,883.534,1190.2,1119.54,438.655,2221.69,1695.93,1518.55,565.311,1611.33,1232.99,945.448,1129.19,,1280.65,,1072.74,588.11,889.473,596.072,1284.92,921.494,652.153,586.256,779.485,708.407,828.605,603.868,467.513,746.43,1516.82,610.85,700.004,
22319.80469,3074.66,966.166,770.071,724.567,1072.4,1738.35,1688.07,1726.28,730.815,623.865,1313.65,2674.81,1597.13,2583.95,1901.25,1279.39,,,808.761,1309.91,,1124.72,953.976,,1137.91,2378.59,2198.16,1602.69,1520.48,900.982,1477.33,1654.3,1255.25,1679.91,1717.57,1245.58,2364.33,1271.38,1870.43,1473.09,1723.75,632.366,2218.67,2363.36,1237.22,,1786.11,554.673,,1808.28,,1422.72,619.098,,1375.34,367.247,2778.94,2494.69,1326.64,598.759,885.765,1093.52,1035.26,616.759,2162.69,1784.43,1457.35,546.534,1651.89,1075.93,885.77,1159.84,,1254.09,,1167.99,627.267,884.43,618.258,1070.43,863.215,645.47,552.987,704.544,730.421,905.013,585.669,435.129,683.536,1603.22,712.821,600.021,
23039.80664,2410.56,897.104,724.804,857.969,1069,1462.93,1703.91,1753.73,613.732,666.133,1377.25,2524.96,1486.97,2507.56,1729.13,1386.09,,,649.805,1385.33,,1147.33,1013.77,,970.848,2234.23,2056.93,1625.33,1564.13,957.27,1356.62,1584.95,1192.65,1481.3,1673.65,1131.02,2215.36,1221.6,1850.71,1302.23,1690.74,590.388,1861.04,2181.02,1168.4,,1737.15,544.988,,1706.95,,1474.54,558.405,,1157.09,334.169,2842.42,2408.97,1202.45,488.693,880.152,1134.14,1164.56,717.564,2185.22,1672.99,1431.92,603.828,1670.76,1099.83,881.238,1010.05,,1328.53,,1108.66,604.116,881.672,580.97,1193.81,887.599,597.401,483.271,764.532,704.803,823.882,553.915,437.24,787.636,1450.01,625.799,659.349,
23759.82422,2431.39,909.768,805.457,1015.8,1090.51,1339.87,1669.57,2018.57,664.591,635.527,1319.71,2346.92,1171.33,2797.1,1612.15,1286.15,,,686.374,1386.06,,1161.68,1109.24,,756.41,2189.48,1877.56,1490.72,1633.02,883.35,1332.91,1627.07,1143.67,1578.98,1817.63,1229.7,2187.18,1188.58,1827.84,1247.55,1694.61,554.661,2027.09,1904.86,1135.51,,1424.24,535.871,,1759.91,,1616.85,,,1164.24,360.366,2951.01,2495.07,1219.4,520.767,933.362,973.043,1172.1,720.726,2286.72,1718.88,1289.62,626.622,1394.66,1035,919.872,1125.65,,1305.11,,1161.16,665.528,830.103,619.697,1171.65,738.092,587.648,549.542,732.591,723.101,834.898,603.559,427.052,744.941,1454.04,735.085,760.705,
24479.82031,2364.74,917.543,685.415,956.256,1120.12,1188.04,1916.01,2147.35,713.654,568.681,1186.82,2280.87,1414.24,2665.17,1571.93,1396.52,,,668.976,1366.77,,1180.46,989.401,,779.711,1885.82,1821.45,1591.49,1374.82,923.451,1247.42,1582.55,1355.23,1414.62,1638.38,1115.48,2246.28,1264.48,1937.52,1307.43,1650.8,656.616,1955.59,1763.8,1092.41,,1544.03,524.037,,1856.7,,1708.11,,,1319.92,303.061,2915.79,2488.11,1293.82,490.491,947.276,946.253,999.765,578.774,2307.04,1846.22,1308.85,663.817,1494.84,881.436,667.274,1177.82,,1315.98,,1110.33,655.106,874.261,566.211,1184.81,789.419,585.636,579.573,810.703,714.502,834.009,684.924,426.127,706.477,1372.55,727.017,797.439,
25199.83008,2329.8,846.4,769.479,964.768,1011.46,1192.55,2327.78,1925,749.152,607.221,1214.35,2400.59,1251.42,2134.57,1589.37,1479.31,,,557.346,1307.54,,1238.38,985.313,,625.643,2050.28,1839.71,1886.24,1214.55,862.256,1153.95,1649.02,1100.68,1050.58,1805.51,1155.28,1999.14,1151.89,1967.77,1306.5,1602.92,680.258,1771.29,1826.55,1136.31,,1651.94,531.755,,1772.26,,1662.06,,,1287.54,389.374,2934.41,2528.1,1216.41,620.64,1061.18,805.345,964.092,592.963,2379.94,1631.45,1773.3,673.248,1302.09,1062.37,687.816,,,1214.4,,1151.55,604.38,855.072,558.196,1027.14,826.441,526.63,581.251,748.26,794.194,849.085,683.178,424.462,716.05,1413.22,670.86,837.017,
25919.83789,2071.5,812.438,878.75,931.503,1075.69,1300.69,2628.1,1797.02,645.768,649.669,1157.59,2440.67,1404.16,2398.91,1754.68,1599.07,,,,1338.14,,1180.26,1105.69,,790.969,2516.02,1713.06,2245.66,1308.02,861.254,1271.17,1607.83,1197.14,1268.5,1638.53,1101.81,2142.46,1142.33,1974.27,1383.29,1511.34,644.699,1636.63,1627.73,1172.07,,1346.68,558.025,,1605.04,,1499.59,,,1248.65,419.012,2902.91,2409.92,,533.608,877.933,688.607,1050.53,473.268,2197.27,1353.39,1693.19,620.455,1431.99,972.908,986.012,,,1256.01,,1176.07,660.664,843.292,566.796,1125.05,747.746,622.23,554.8,832.708,797.021,807.899,758.671,437.668,682.268,1312.91,611.19,836.804,
26639.8457,2338.1,839.791,,900.606,1042.13,1265.18,2356.92,1774.17,719.331,618.5,1239.05,2084.05,1486.11,2404.71,1549.89,1620.94,,,,1329.65,,1221.94,1260.14,,731.503,2298.77,1513.69,2427.24,1268.59,857.877,1277.86,1549.82,1084.43,1168.6,1265.18,1175.4,2255.93,1155.53,1703.89,1388.07,1486.75,512.025,1862.96,1713.7,1213.51,,1641.76,567.865,,1592.01,,1541.68,,,1259.39,327.491,2797.36,2428.22,,485.61,,832.205,966.724,622.718,1853.09,1176.64,1600.79,573.239,1555.25,967.173,910.451,,,1188.1,,1158.51,583.731,793.034,563.807,1031.25,729.513,684.592,534.633,948.648,771.853,756.97,731.848,464.352,670.265,1354.93,693.779,895.202,
27359.85156,2243.21,743.146,,951.368,1066.31,1444.35,2194.62,1666.45,601.883,614.043,1206.07,2410.02,1292.44,2100.85,1605.63,1647.92,,,,1374.02,,1193.84,1432.49,,862.429,2387.69,1594.29,2389.98,1356.18,870.08,1356.02,1691.68,1013.21,1110.75,1229.48,1074.3,2055.21,1186.53,1780.73,1361.49,1492.8,491.049,1960.58,1459.64,1139.83,,1396.24,645.65,,1525.45,,1560.52,,,997.679,356.387,2658.27,2420.98,,515.384,,,1056.58,493.012,1896.96,1337.71,1418.51,562.883,1467.22,1036.96,953.282,,,1164.87,,1132.84,636.545,814.329,544.508,938.795,765.569,713.406,541.194,999.992,801.25,813.785,682.558,481.277,649.403,1381.17,639.169,835.185,
28079.86133,2316.9,781.524,,988.566,1036.14,1471.61,2018.79,1848.98,721.591,537.436,977.544,2445.42,1236.8,2411.13,1595.18,1655.93,,,,1324.98,,1209.36,1723.52,,1104.47,2485.51,1440.5,2288.46,1380.88,843.761,1318.62,1712.28,1192.21,1200.21,1218.01,1156.44,2165.67,1151.87,1788.5,1330.82,1482.61,596.153,1904,1772.73,993.432,,1406.27,740.957,,,,1563.61,,,978.319,339.485,2592.87,2184.93,,550.877,,,1148.39,457.079,1741.13,1410.93,1469.66,552.92,1650.86,896.907,1017.67,,,1007.57,,1127.67,611.89,781.627,549.547,945.95,608.631,826.404,565.294,1004.99,798.236,824.186,662.415,434.586,612.498,1323.73,679.25,877.318,
28799.86328,2253.93,754.572,,1005.69,1051.38,1278.84,1835.21,1862.74,634.915,592.178,965.124,2270.24,1099.3,2476.02,1671.74,1625.7,,,,1422.35,,1213.72,1852.9,,851.327,2376.7,1502.29,2331.86,1337.51,964.724,,1747,900.531,1139.94,1246.22,1021.86,,1096.74,1757.82,1453.77,1507.94,500.321,1903.74,1753.78,966.311,,1504.94,654.736,,,,1365.64,,,905.048,358.061,2569.29,2289.17,,628.343,,,1189.08,446.025,1762.9,1541.45,1535.32,470.166,1533.65,878.351,1114.34,,,,,1097.95,566.489,752.076,549.086,911.595,698.547,809.483,480.729,799.376,709.199,852.84,673.489,458.54,652.403,1260.36,568.835,909.331,
29519.86719,2105.99,819.531,,591.847,1005.43,1347.94,1719.69,1791.32,689.043,624.735,1037.46,2289.87,1199.22,2352.4,1746.21,1455.92,,,,1367.21,,1081.95,1691.82,,752.27,2184.15,1342.79,2574.62,1418.39,1209.59,,1566.59,825.693,1117.09,1148.53,1011.26,,,1562.48,1495.84,1506.21,478.988,1709.9,1694.39,1160.64,,1419.6,629.822,,,,1317.23,,,957.341,365.372,2582.88,2386.85,,504.207,,,1187.41,496.428,1812.91,1978.31,1458.07,466.945,1139.28,890.957,1140.95,,,,,1068.74,611.565,806.521,514.042,915.55,708.153,749.709,,897.03,615.232,836.949,667.154,432.902,625.408,1411.68,530.457,900.05,
30239.86914,2168.52,883.988,,587.172,948.323,1341.52,1734.69,1858.18,490.988,540.571,1120.79,2228.54,1192.63,2219.98,1742.42,1466.95,,,,1818.59,,1137.97,1690.8,,752.656,2062.91,1461.96,2803.87,1429.31,963.791,,1637.15,965.307,1250.49,1094.61,1113.02,,,1755.22,1500.36,1429.29,471.528,1845.46,1609.17,1080.08,,1130.39,608.704,,,,1464.02,,,758.898,382.861,2443.61,2223.82,,596.65,,,1688.78,579.537,1771,2409.87,1343.15,485.335,1192.56,,1062.88,,,,,1011.22,686.617,708.882,495.321,903.857,670.339,749.602,,941.03,668.928,818.706,632.403,455.561,631.747,1348.51,513.008,944.487,
30959.88672,1569.64,791.366,,415.785,973.411,1257.86,1676.31,1949.7,544.091,737.421,856.414,1997.92,976.699,2313.25,1632.97,1428.39,,,,1643.13,,1101.05,1438.87,,,2023.22,1361.26,3090.05,1235.2,824.264,,1593.15,943.321,1133.02,1314.11,1017.4,,,1713.38,1515.34,1549.66,460.598,1513.37,1572.43,1197.93,,1155.99,554.062,,,,1468.39,,,697.276,358.025,2381.15,2330.81,,718.364,,,1781.25,542.127,1397.84,2627.85,1092.71,543.61,1410.65,,1079.38,,,,,959.27,702.218,748.235,500.004,924.953,718.618,725.547,,1043.75,667.263,867.292,619.252,456.182,647.558,1109.96,526.957,891.089,
31679.89648,1407.99,760.915,,550.914,929.067,1258.51,1610.61,2058.18,567.64,759.575,830.969,2266.59,760.713,2375.43,1660.35,1321.94,,,,1605.02,,1242.46,1296.2,,,1845.69,1149.25,3266.89,1118.79,800.89,,1607.48,880.414,981.233,1103.34,1001.38,,,1675.79,1396.28,1656.52,404.683,,1663.38,1163.05,,1015.24,485.767,,,,1406.88,,,884.761,346.417,2430.95,2206.82,,727.055,,,1536.85,497.512,1385.44,2525.3,1088.18,567.982,1524.42,,1251.45,,,,,895.494,702.025,730.181,454.004,848.246,674.843,720.364,,977.312,822.423,845.396,480.281,473.996,667.227,1005.69,549.662,835.364,
32399.90234,1788.08,751.772,,573.006,839.024,1095.56,1439.8,2138.86,606.222,750.164,940.518,2044.2,1165.12,2500,1543.58,1200.94,,,,1566.35,,1086.7,1307.37,,,2017.21,1239.75,3196.18,1055.09,770.87,,1700.52,948.068,1186.4,1123.48,982.94,,,,1460.49,1580.61,402.891,,1875.27,916.421,,886.531,421.469,,,,1455.75,,,825.074,387.16,2209.51,2362.5,,698.024,,,1807.3,529.415,1365.82,2117.55,1023.09,508.663,1910.09,,1143.92,,,,,998.119,724.138,704.153,501.65,795.347,688.682,725.921,,927.906,764.814,807.651,626.114,453.756,636.727,977.213,569.105,926.852,
33119.90234,1612.42,734.247,,741.395,872.457,1246.7,1430.95,2265.93,621.567,787.331,933.448,2041.23,1223.75,2758.56,1520.21,1207.34,,,,1554.13,,1142.57,1345.17,,,1980.27,1181.3,3181.77,1299.36,766.274,,1944.12,906.166,761.644,1067.62,919.331,,,,1395.35,1446.05,465.11,,1899.1,860.147,,803.813,372.309,,,,1560.3,,,686.738,376.768,2378.48,2261.15,,417.171,,,1847.95,532.198,979.606,1772.11,1073.55,544.638,1927.38,,984.785,,,,,979.346,764.242,764.557,481.695,851.839,685.436,775.436,,950.809,826.635,800.435,503.89,359.655,628.089,1111,502.983,960.634,
33839.91406,1668.81,689.503,,688.132,719.622,1302.89,1529.39,2107.87,550.439,814.928,1126.04,2263.9,1220.49,2808.77,1506.28,1177.89,,,,1472.44,,1049.37,1641.9,,,1999.25,1280.11,3230.7,1360.38,785.768,,1896.12,950.037,770.864,1032.13,975.872,,,,1311.91,1452.15,518.185,,1894.78,1045.03,,935.988,447.444,,,,1383.3,,,651.945,382.142,2660.1,2162.44,,267.663,,,1679.59,543.772,1070.93,1673.04,,518.196,1765.3,,1061.16,,,,,1032.58,858.15,726.353,498.648,835.958,718.342,878.929,,973.803,853.305,672.941,308.675,388.758,594.781,1143.38,557.57,893.71,
34559.92578,1655.19,740.147,,768.534,813.543,1252.23,1431.37,2032.32,585.012,866.982,1132.75,2092.17,1185.65,2598.14,1593.61,1226.85,,,,1552.23,,1068.05,1510.27,,,2016.28,1162.9,3039.81,1349.05,817.841,,1845.22,869.062,926.362,901.528,989.411,,,,1453.41,1279.23,537.742,,1815.04,1013.51,,846.46,495.383,,,,1310.7,,,704.701,354.552,2841.25,2232.7,,321.83,,,1684.76,412.63,1130.01,1726.54,,524.172,1294.21,,979.638,,,,,932.775,885.268,824.3,488.263,861.826,641.122,890.808,,991.885,958.009,558.894,509.197,368.157,594.355,,514.876,965.619,
35279.92188,1720.94,702.506,,693.049,796.827,1141.52,1448.58,2092.68,581.012,857.719,1168.69,1959.35,1162.04,2569.5,1777.19,1319.09,,,,1635.21,,1054.9,1401.08,,,1892.55,1173.25,2660.82,1340.35,779.439,,1855.39,837.099,805.902,946.268,1002.96,,,,1568.76,1431.59,479.933,,1855.75,965.994,,1087.61,451.185,,,,1277.48,,,668.344,327.656,2803.75,1824.3,,324.415,,,1633.4,375.393,962.042,2087.14,,544.781,1403.65,,982.201,,,,,796.38,941.685,890.585,504.453,820.004,645.684,981.851,,1110.99,910.013,645.161,653.975,454.219,593.331,,556.534,842.723,
35999.92969,1645.88,722.241,,654.648,712.134,1264.21,1333.02,1913.2,488.296,869.86,1106.9,1772.5,1239.45,1972.35,2060.12,1392.77,,,,,,1073.91,1583.88,,,1245.89,1195.53,2528.49,1294.68,795.713,,1664.18,796.833,801.828,968.09,903.583,,,,1880.51,1400.04,443.258,,1797.74,992.793,,1139.81,542.167,,,,1197.7,,,580.136,342.933,2805.72,1968.19,,261.393,,,1659.2,407.231,1063.07,2457.4,,499.061,1709.96,,,,,,,737.481,873.094,766.5,496.374,859.77,678.477,957.115,,1114.61,992.735,577.629,606.975,388.214,564.186,,546.143,806.143,
36719.94141,1732.89,725.558,,604.451,771.491,1240.33,1421.65,2065.11,469.189,952.012,1126.3,1670.26,1297.91,1955.01,2096.55,1387.75,,,,,,1022.37,1453.73,,,1471.33,1244.8,2563.63,1322.12,795.704,,1614.82,824.235,875.902,866.174,959.878,,,,1688.17,1293.36,458.043,,1598.66,919.074,,1183.67,464.105,,,,1475.71,,,601.356,336.869,2460.71,1863.43,,345.671,,,1715.06,567.926,1194.61,2578.73,,540.335,1931.53,,,,,,,844.953,926.654,776.878,480.047,798.416,625.526,977.443,,1011.16,975.928,649.177,608.223,408.792,561.265,,510.167,971.213,
37439.94141,1957.61,689.574,,596.305,808.354,1363.25,1576.21,2004.96,441.03,896.454,987.933,1922.98,1201.13,1906.06,1856.49,1279.8,,,,,,1045.92,1335.12,,,1262.06,1147.33,3016.96,950.378,752.963,,1628.98,783.761,934.454,947.681,924.667,,,,1790.53,1185.94,459.172,,1610.98,934.384,,1022.06,590.673,,,,1347.25,,,681.902,335.921,2347.29,1919.82,,403.091,,,1571.06,505.202,1147.9,2308.92,,461.366,1875.26,,,,,,,812.381,870.449,598.65,489.758,761.733,651.306,918.34,,1011.44,984.424,636.895,583.59,447.308,594.954,,568.106,969.613,
38159.95313,1388.38,650.81,,476.866,624.607,1224.99,1252.64,1797.24,456.177,827.521,761.439,1567.12,1123.63,1936.45,1612.24,1194.24,,,,,,963.333,1413.52,,,1218.07,1098.6,2695.22,871.781,648.451,,1518.32,768.46,895.442,796.049,914.37,,,,1606.02,1383.25,,,1720.14,960.835,,1121.57,552.154,,,,1290.8,,,698.558,323.476,2433.52,1710.74,,322.525,,,1609.75,424.837,1075.61,1889.7,,428.073,1938.67,,,,,,,852.254,801.855,692.848,471.194,709.511,634.803,823.653,,955.581,996.702,631.865,583.911,492.911,517.794,,521.278,1089.32,
38879.95313,1654.7,704.421,,523.659,700.247,1291.11,1596.46,1989.04,502.515,919.646,880.402,1502.44,1216.6,1974.76,1421.42,1199.77,,,,,,1023.62,1419.51,,,1295.64,1177.69,2761.17,1089.84,747.744,,1607.49,732.006,828.006,826.939,909.299,,,,1687.17,1169.49,,,1658.32,901.89,,1115.41,499.043,,,,,,,677.068,365.123,2381.6,1943.39,,326.287,,,1408.68,441.16,,1696.79,,450.818,1802.6,,,,,,,863.587,968.875,632.309,437.506,734.329,597.116,659.123,,919.181,935.644,598.438,597.722,564.271,525.409,,534.804,1096.84,
39599.96484,1426.48,681.386,,566.524,716.339,1215.48,1529.73,1778.82,541.043,1003.05,1009.44,1721.33,1142.65,1653.49,1542.09,1204.76,,,,,,1030.97,1686,,,1086.81,1184.41,2386.78,1149.13,721.25,,1446.66,589.302,754.154,836.766,764.488,,,,1750.1,1223.5,,,1693.09,1162.59,,1075.57,492.722,,,,,,,736.747,339.902,2286.67,1781.9,,280.222,,,1400.77,422.012,,1660.98,,418.733,1869.52,,,,,,,895.353,850.711,643.612,424.532,666.346,653.889,684.288,,898.376,1019.28,587.17,574.06,602.145,601.184,,516.563,994.267,
40319.97656,1287.6,790.179,,643.037,720.652,1263.63,1338.04,1724.72,519.704,945.909,985.583,1516.88,1344.61,1607.53,1612.25,1223.47,,,,,,1033.51,1772.35,,,1270.65,1146.29,2213.83,1038.49,756.866,,1490.58,945.147,946.58,827.06,845.546,,,,1731.02,1114.75,,,1737.41,1203.48,,1149.18,646.043,,,,,,,690.914,302.872,1699.2,1631.74,,295.134,,,1560.39,306.689,,1818.87,,480.199,1924.28,,,,,,,888.525,900.013,648.581,463.695,728.332,570.598,757.547,,833.769,1008.19,513.611,590.549,651.966,563.936,,505.481,938.298,
41039.98047,1482.88,650.182,,476.096,593.932,1334.43,1461.31,1509.58,544.564,946.427,977.221,1558.55,1118.4,1718.53,1498.43,1313.38,,,,,,1129.56,1516.28,,,1370.18,1043.58,2133.21,1204.58,866.994,,1443.5,898.798,1050.91,828.44,822.626,,,,1415.09,1179.58,,,1704.82,1151.73,,1047.98,615.414,,,,,,,658.707,323.229,1998.58,1613.14,,268.146,,,1504.44,323.669,,2033.83,,537.712,1976.18,,,,,,,891.47,950.658,637.878,406.188,734.203,587.101,710.133,,767.714,977.691,535.333,601.966,667.562,554.451,,471.343,,
41759.98438,1475.61,626.329,,585.127,634.399,1150.95,1445.88,1668.62,540.854,925.439,912.546,,1175.76,1702.51,1551.79,1244.05,,,,,,1150.15,1289.73,,,1348.8,1055.18,1998.49,1325.42,952.62,,1378.53,833.463,991.589,779.454,809.627,,,,1537.09,1109.99,,,1732.98,1063.52,,1082.12,541.346,,,,,,,666.405,342.311,2120.43,1535.04,,253.811,,,1535.37,272.491,,2113.93,,547.127,2044.15,,,,,,,826.708,967.11,636.461,394.542,750.409,581.483,750.329,,775.145,943.055,555.447,567.212,871.017,578.336,,459.194,,
42479.98828,1450.54,621.963,,671.861,696.074,1087.12,1477.02,1787.98,521.29,884.219,879.42,,1154.82,1654.94,1661.8,1418.52,,,,,,954.659,1552.94,,,1161.61,1031.35,1907.81,1066.87,732.552,,1184.86,937.605,897.08,787.661,913.127,,,,1536.71,1281.13,,,1570.18,1127.12,,1131.98,630.802,,,,,,,633.497,355.691,2385.72,1537.23,,239.975,,,1547.65,317.142,,1854.43,,547.707,2169.81,,,,,,,946.667,927.697,677.008,364.173,681.966,443.368,640.307,,837.443,900.199,521.356,593.021,1025.74,553.207,,461.385,,
43200,1410.49,721.142,,581.723,,1113.68,1451.57,1637.99,448.691,837.463,932.73,,954.932,1635.34,1933.69,1361.8,,,,,,967.864,962.839,,,1140.44,966.091,1849.42,1096.57,733.219,,1282.49,724.313,834.607,721.386,765.605,,,,1601.85,1333.48,,,1494.33,1087.88,,1148.85,662.105,,,,,,,587.06,325.276,2188.67,1560.23,,288.074,,,1537.28,280.854,,1736.41,,511.933,2239.14,,,,,,,965.767,894.159,583.325,372.791,730.483,565.791,759.735,,775.979,899.869,491.343,557.958,1192.26,503.298,,447.388,,
43920,1265.55,815.853,,394.09,,1086.4,1287.66,1741.88,444.571,956.129,934.595,,1154.05,1632.89,2059.76,1318.64,,,,,,1096.14,1278.82,,,1096.83,985.836,1674.4,929.455,721.693,,1178.89,712.37,701.356,,783.864,,,,1672.2,1083.71,,,1490.7,1094.9,,1149.54,864.877,,,,,,,594.37,344.849,2474.42,1333.72,,375.652,,,1415.5,284.727,,1588.21,,517.506,1856.88,,,,,,,1002.13,902.158,623.038,354.633,700.143,543.415,846.092,,815.03,778.063,508.335,562.808,1316.52,501.387,,447.157,,
44640.01172,1087.66,1005.8,,,,1075.88,1356.63,1675.98,479.239,937.926,809.915,,994.939,1545.12,1751.64,1239.23,,,,,,1086.79,946.518,,,1078.49,1001.52,1619.56,821.366,697.873,,1221.99,723.352,,,675.485,,,,1698.66,1205.36,,,1333.07,1141.68,,1100.24,1071.7,,,,,,,,342.417,2255.81,1370.12,,271.157,,,1528.05,285.313,,1476.02,,554.727,1625.45,,,,,,,904.63,884.475,685.008,288.073,646.966,535.532,727.872,,727.122,704.814,553.769,575.004,1556.63,580.487,,423.949,,
45360.01172,1363.61,1094.18,,,,1124.83,1336.79,1510.18,506.554,1066.18,832.732,,1079.3,1445.32,1670.28,1127.7,,,,,,1294.32,757.381,,,948.38,1066.9,1751.33,933.822,747.169,,1220.26,590.691,,,650.765,,,,1724.05,1189.89,,,1483.87,1176.46,,1151.63,1074.05,,,,,,,,326.622,2115,1447.99,,261.39,,,1504.99,276.622,,1397.55,,545.497,1559.62,,,,,,,919.709,956.335,592.805,355.441,684.696,527.765,708.634,,767.349,739.91,491.783,598.979,1352.2,574.71,,356.857,,
46080.02344,1296.54,972.546,,,,1052.72,1516.78,1406.79,543.423,1092.39,824.219,,1036.85,,1662.38,1191.39,,,,,,1366.08,1246.61,,,1339.49,1009.82,1729.77,827.929,763.836,,1251.47,689.759,,,670.271,,,,1713.23,1256.13,,,1451.57,1040.76,,1177.19,1137.38,,,,,,,,292.64,2246.68,1357.28,,210.896,,,1496.28,280.426,,1314.54,,611.11,1618.86,,,,,,,1040.59,929.736,606.038,,639.397,539.013,711.14,,633.285,715.85,524.119,543.928,1274.19,506.532,,452.774,,
46800.03906,1314.56,946.043,,,,1173.27,1484.91,1527.72,481.482,1022.38,751.791,,1119.41,,1916.53,1200.57,,,,,,1353.69,1089.15,,,1478.97,908.473,1752.97,915.699,688.321,,1063.43,640.074,,,707.343,,,,1658.34,1239.69,,,1440.15,1037.53,,1043.86,1196.49,,,,,,,,369.195,2247.76,1459.72,,,,,1416.12,265.387,,1282.12,,610.012,1529.1,,,,,,,1045.42,786.826,643.881,,713.898,471.275,738.629,,659.555,679.153,460.734,593.376,1236.37,416.072,,492.487,,
47520.03516,1158.49,1088.52,,,,1141.57,1434.12,1555.91,474.813,978.393,884.232,,1045.58,,2030.31,1020.84,,,,,,1391.65,1002.02,,,1596.84,971.006,1813.24,751.329,735.761,,,627.741,,,631.848,,,,1396.76,1219.79,,,1467.81,1136.38,,1047.99,1307.79,,,,,,,,345.253,2204.01,1385.45,,,,,,244.451,,1209.58,,626.341,,,,,,,,1033.02,816.131,613.312,,690.055,523.103,818.455,,670.975,654.295,484.025,543.136,1355.09,510.701,,472.111,,
48240.04688,1138.8,1149.13,,,,971.2,1264.58,1687.35,489.79,1058.98,809.209,,1035.47,,1999.83,999.727,,,,,,1388.57,1246.85,,,1531.76,958.294,1686.04,832.549,720.5,,,606.642,,,728.928,,,,1388.6,1265.21,,,1555.23,1141.9,,1200.96,1432.19,,,,,,,,303.03,2423.72,1536.95,,,,,,233.378,,1338,,577.811,,,,,,,,1079.04,853.949,618.606,,576.852,519.574,690.555,,646.125,645.805,438.882,586.941,1424.68,421.021,,488.383,,
48960.05078,973.152,1265.27,,,,934.829,1228.38,1736.15,463.196,975.951,685.691,,1050.18,,1943.34,1038.87,,,,,,1521.85,1496.66,,,1343.57,1076.8,1706.38,804.454,694.006,,,533.393,,,717.042,,,,1252.35,1213.18,,,1585.56,1020.96,,1119.9,1616.06,,,,,,,,294.799,2306.85,1615.55,,,,,,236.673,,1361.22,,555.65,,,,,,,,1152.12,809.064,620.941,,660.071,496.311,,,665.021,725.38,444.614,577.238,1464.87,517.42,,509.252,,
49680.05859,,1189.91,,,,935.663,1048.47,1707.67,,1067.68,798.693,,1127.21,,1886.95,1083.25,,,,,,1371.97,1262.78,,,1492.52,1310.89,1498.62,,620.463,,,485.87,,,657.201,,,,1440.49,1361.5,,,1538.4,1073.19,,1040.06,1838.99,,,,,,,,277.123,2196.67,1602.18,,,,,,254.677,,1485.9,,554.418,,,,,,,,,,,,,,,,,,,,,,,,,
50400.07031,,1375.9,,,,1031.81,1163.1,1635.91,,1062.13,841.453,,1124.36,,1889.29,1117.6,,,,,,1413.78,,,,1577.52,1263.41,1309.9,,670.191,,,499.889,,,591.378,,,,1453.23,1602.65,,,1599.62,1017.87,,1023.18,1781.49,,,,,,,,264.546,2404.6,1472.68,,,,,,309.515,,1297.37,,594.085,,,,,,,,,,,,,,,,,,,,,,,,,
51120.06641,,1241.34,,,,950.719,1002.35,1637.15,,895.695,758.976,,1063.48,,1646.14,970.776,,,,,,1255.36,,,,1505.78,1170.06,1375.42,,688.346,,,523.479,,,,,,,1424.47,1566.1,,,1436.67,967.957,,1038.82,1710.3,,,,,,,,276.933,2402.93,1506.55,,,,,,307.472,,1225.21,,,,,,,,,,,,,,,,,,,,,,,,,,,
51840.07813,,1362.35,,,,924.591,963.867,1731.87,,801.488,826.738,,1034.33,,1689.39,1009.27,,,,,,1385.49,,,,1342.33,1137.32,1270.9,,692.183,,,,,,,,,,1562.8,1485.93,,,1407.37,955.591,,935.552,1478.37,,,,,,,,266.448,2172.81,,,,,,,320.339,,1262.4,,,,,,,,,,,,,,,,,,,,,,,,,,,
52560.08594,,1318.01,,,,944.719,905.884,1891.23,,886.626,793.043,,1068.28,,1524.35,936.377,,,,,,1522.12,,,,1297.98,1074.84,1133.34,,683.244,,,,,,,,,,1501.9,1385.56,,,1386.27,902.152,,975.853,1070.83,,,,,,,,276.08,1783.2,,,,,,,303.691,,1363.86,,,,,,,,,,,,,,,,,,,,,,,,,,,
53280.09375,,1311.2,,,,860.622,760.854,1824.37,,921.709,837.411,,1007.09,,1924.91,974.398,,,,,,1772.67,,,,1135.55,914.652,1283.23,,726.111,,,,,,,,,,1316.96,1491.91,,,1411.5,,,1020.95,1155.29,,,,,,,,270.396,2044.41,,,,,,,286.791,,1261.61,,,,,,,,,,,,,,,,,,,,,,,,,,,
54000.10156,,1308.26,,,,815.575,797.994,1927.78,,859.829,839.95,,1070.8,,1842.65,929.178,,,,,,2072.28,,,,1066.25,1156.88,1203.12,,634.36,,,,,,,,,,1421.14,1525.96,,,1484.23,,,993.823,1225.15,,,,,,,,252.768,2219.87,,,,,,,266.258,,1204.07,,,,,,,,,,,,,,,,,,,,,,,,,,,
54720.09766,,1488.65,,,,,816.123,1903.88,,793.061,792.196,,1114.87,,1879.56,918.417,,,,,,2187.43,,,,1188.35,1103.92,1220.8,,711.503,,,,,,,,,,1309.55,1513.74,,,1444.89,,,1008.89,1041.15,,,,,,,,273.759,2235.66,,,,,,,211.963,,,,,,,,,,,,,,,,,,,,,,,,,,,,,
55440.11328,,1652.54,,,,,801.47,1877.24,,880.736,839.223,,1025.16,,1911.94,977.012,,,,,,1978.62,,,,1179.34,1100.81,1221.53,,702.317,,,,,,,,,,1252.93,1561.88,,,1386.35,,,1114.24,895.241,,,,,,,,234.233,1996.93,,,,,,,182.466,,,,,,,,,,,,,,,,,,,,,,,,,,,,,
56160.10938,,1632.6,,,,,797.521,1876.67,,839.409,787.704,,987.617,,1807.95,1055.69,,,,,,1790.37,,,,1006.1,1008.16,1165.36,,681.384,,,,,,,,,,1396.04,1494.23,,,1407.32,,,731.229,1056.98,,,,,,,,255.296,1724.27,,,,,,,243.248,,,,,,,,,,,,,,,,,,,,,,,,,,,,,
56880.11719,,1586.33,,,,,722.337,1822.55,,798.049,750.122,,946.506,,1858.31,836.378,,,,,,1808.82,,,,1202.53,915.364,1203.47,,677.814,,,,,,,,,,1540.9,1481.99,,,1334.6,,,945.018,956.13,,,,,,,,248.133,1691.67,,,,,,,,,,,,,,,,,,,,,,,,,,,,,,,,,,,,
57600.12891,,1671.57,,,,,613.589,1757.75,,795.232,784.91,,1073.6,,1868.54,860.207,,,,,,1991.7,,,,1032.99,958.202,1171.78,,685.626,,,,,,,,,,1613.92,1513.55,,,1323.88,,,1030.29,1030.52,,,,,,,,270.153,2011.22,,,,,,,,,,,,,,,,,,,,,,,,,,,,,,,,,,,,
58320.14063,,1852.56,,,,,673.393,1714.4,,788.616,752.549,,945.648,,1374.33,757.497,,,,,,2135.76,,,,944.834,1084.8,968.084,,717.586,,,,,,,,,,1399.51,1690.94,,,1262.22,,,1044.49,1026.66,,,,,,,,297.347,1969.09,,,,,,,,,,,,,,,,,,,,,,,,,,,,,,,,,,,,
59040.13672,,1859.2,,,,,,1574.08,,971.35,787.89,,1024.86,,1388.49,928.14,,,,,,2076.65,,,,977.854,1238.42,889.503,,697.506,,,,,,,,,,1270.58,1565.55,,,1311.8,,,1029.77,931.945,,,,,,,,280.442,2107.47,,,,,,,,,,,,,,,,,,,,,,,,,,,,,,,,,,,,
59760.15234,,1842,,,,,,1719.82,,1016.36,,,,,1439.02,965.822,,,,,,2084.57,,,,868.412,1169.09,846.141,,846.068,,,,,,,,,,1232.54,1582.26,,,1335.33,,,844.5,703.265,,,,,,,,278.377,1976.54,,,,,,,,,,,,,,,,,,,,,,,,,,,,,,,,,,,,
60480.15625,,1648.05,,,,,,1324.49,,1020.15,,,,,1387.28,944.964,,,,,,1820.91,,,,964.628,1463.96,808.895,,905.877,,,,,,,,,,1326.16,1523.34,,,1318.13,,,942.054,808.148,,,,,,,,295.362,1932.07,,,,,,,,,,,,,,,,,,,,,,,,,,,,,,,,,,,,
61200.16016,,1667.06,,,,,,1310.91,,980.043,,,,,1104.28,854.111,,,,,,2024.13,,,,1095.21,1512.65,666.114,,806.506,,,,,,,,,,1199.6,1409.24,,,1403.95,,,1032.74,,,,,,,,,295.451,1831.33,,,,,,,,,,,,,,,,,,,,,,,,,,,,,,,,,,,,
61920.16406,,1650.24,,,,,,1341.1,,838.675,,,,,,844.748,,,,,,1888.2,,,,1087.65,1877.42,,,843.469,,,,,,,,,,1196.75,1435.12,,,1320.92,,,1026.3,,,,,,,,,283.811,1733.51,,,,,,,,,,,,,,,,,,,,,,,,,,,,,,,,,,,,
62640.17969,,1460.71,,,,,,1486.63,,800.817,,,,,,945.39,,,,,,1879.44,,,,1055.76,1651.91,,,1006.39,,,,,,,,,,1036.38,1503.34,,,1251.21,,,1000.52,,,,,,,,,260.171,1437.12,,,,,,,,,,,,,,,,,,,,,,,,,,,,,,,,,,,,
63360.17969,,1502.54,,,,,,1563.43,,635.061,,,,,,961.469,,,,,,1895.04,,,,977.151,1633.03,,,881.085,,,,,,,,,,887.247,1459.76,,,1232.68,,,1007.54,,,,,,,,,250.346,1509.36,,,,,,,,,,,,,,,,,,,,,,,,,,,,,,,,,,,,
64080.19141,,,,,,,,1612.35,,654.828,,,,,,1233.43,,,,,,1891.51,,,,1096.52,1702.33,,,838.11,,,,,,,,,,828.762,1502.98,,,1211.3,,,957.933,,,,,,,,,230.687,,,,,,,,,,,,,,,,,,,,,,,,,,,,,,,,,,,,,
64800.19922,,,,,,,,1487.32,,635.329,,,,,,908.098,,,,,,1734.1,,,,1049.93,1540.32,,,818.762,,,,,,,,,,1043.84,1321.52,,,1068.91,,,960.161,,,,,,,,,,,,,,,,,,,,,,,,,,,,,,,,,,,,,,,,,,,,,,
65520.21094,,,,,,,,1488.29,,639.446,,,,,,1062.55,,,,,,1536.75,,,,1045.36,1583.82,,,749.178,,,,,,,,,,919.759,1164.55,,,991.701,,,901.68,,,,,,,,,,,,,,,,,,,,,,,,,,,,,,,,,,,,,,,,,,,,,,
66240.21094,,,,,,,,1508.5,,654.14,,,,,,1233.72,,,,,,1574.91,,,,1002.3,1428.14,,,784.362,,,,,,,,,,992.548,1257.33,,,868.452,,,855.166,,,,,,,,,,,,,,,,,,,,,,,,,,,,,,,,,,,,,,,,,,,,,,
66960.21875,,,,,,,,1457.76,,618.179,,,,,,1278.12,,,,,,1481.62,,,,998.671,1546.78,,,759.909,,,,,,,,,,879.724,1115.93,,,886.759,,,931.607,,,,,,,,,,,,,,,,,,,,,,,,,,,,,,,,,,,,,,,,,,,,,,
67680.22656,,,,,,,,1547.61,,597.81,,,,,,1447.48,,,,,,1554.31,,,,1040.8,1379.37,,,799.384,,,,,,,,,,902.671,885.287,,,934.521,,,883.828,,,,,,,,,,,,,,,,,,,,,,,,,,,,,,,,,,,,,,,,,,,,,,
68400.22656,,,,,,,,1483.13,,573.341,,,,,,1455.35,,,,,,1480.82,,,,1100.89,1566.95,,,787.436,,,,,,,,,,831.687,938.859,,,828.398,,,842.448,,,,,,,,,,,,,,,,,,,,,,,,,,,,,,,,,,,,,,,,,,,,,,
69120.24219,,,,,,,,1362.65,,583.732,,,,,,1178.83,,,,,,1419.1,,,,1035.16,1627.43,,,758.346,,,,,,,,,,751.661,1019.46,,,832.634,,,802.561,,,,,,,,,,,,,,,,,,,,,,,,,,,,,,,,,,,,,,,,,,,,,,
69840.23438,,,,,,,,1365.98,,551.284,,,,,,994.591,,,,,,1299.3,,,,1095.15,1648.67,,,738.068,,,,,,,,,,719.245,1083.27,,,826.781,,,813.228,,,,,,,,,,,,,,,,,,,,,,,,,,,,,,,,,,,,,,,,,,,,,,
70560.25781,,,,,,,,1205.88,,500.185,,,,,,890.451,,,,,,1287.14,,,,1026.96,1586.75,,,688.191,,,,,,,,,,666.215,1054.64,,,839.963,,,724.134,,,,,,,,,,,,,,,,,,,,,,,,,,,,,,,,,,,,,,,,,,,,,,
71280.25,,,,,,,,1208.84,,450.864,,,,,,795.707,,,,,,,,,,1002.67,1395.45,,,654.457,,,,,,,,,,701.241,821.172,,,786.091,,,737.883,,,,,,,,,,,,,,,,,,,,,,,,,,,,,,,,,,,,,,,,,,,,,,
72000.26563,,,,,,,,1184.24,,537.515,,,,,,686.94,,,,,,,,,,912.329,1244.93,,,639.071,,,,,,,,,,700.276,,,,826.274,,,,,,,,,,,,,,,,,,,,,,,,,,,,,,,,,,,,,,,,,,,,,,,,,
72720.26563,,,,,,,,1197.8,,459.982,,,,,,,,,,,,,,,,994.773,1123.74,,,720.859,,,,,,,,,,834.671,,,,850.73,,,,,,,,,,,,,,,,,,,,,,,,,,,,,,,,,,,,,,,,,,,,,,,,,
73440.27344,,,,,,,,1156.26,,459.796,,,,,,,,,,,,,,,,877.098,1150.12,,,671.128,,,,,,,,,,876.122,,,,861.841,,,,,,,,,,,,,,,,,,,,,,,,,,,,,,,,,,,,,,,,,,,,,,,,,
74160.28125,,,,,,,,1177.84,,479.183,,,,,,,,,,,,,,,,758.512,1126.45,,,687.463,,,,,,,,,,1017.7,,,,908.141,,,,,,,,,,,,,,,,,,,,,,,,,,,,,,,,,,,,,,,,,,,,,,,,,
74880.29688,,,,,,,,1056.9,,,,,,,,,,,,,,,,,,1019.58,932.883,,,697.244,,,,,,,,,,1082.49,,,,1145.27,,,,,,,,,,,,,,,,,,,,,,,,,,,,,,,,,,,,,,,,,,,,,,,,,
75600.28906,,,,,,,,1081.68,,,,,,,,,,,,,,,,,,1030.57,954.781,,,738.652,,,,,,,,,,978.564,,,,1253.19,,,,,,,,,,,,,,,,,,,,,,,,,,,,,,,,,,,,,,,,,,,,,,,,,
76320.3125,,,,,,,,1161.54,,,,,,,,,,,,,,,,,,994.256,908.793,,,695.988,,,,,,,,,,1040.83,,,,1287.77,,,,,,,,,,,,,,,,,,,,,,,,,,,,,,,,,,,,,,,,,,,,,,,,,
77040.30469,,,,,,,,1072.45,,,,,,,,,,,,,,,,,,944.816,945.607,,,596.524,,,,,,,,,,753.756,,,,1287.84,,,,,,,,,,,,,,,,,,,,,,,,,,,,,,,,,,,,,,,,,,,,,,,,,
77760.3125,,,,,,,,1081.52,,,,,,,,,,,,,,,,,,889.861,909.409,,,614.622,,,,,,,,,,858.951,,,,1312.48,,,,,,,,,,,,,,,,,,,,,,,,,,,,,,,,,,,,,,,,,,,,,,,,,
78480.32813,,,,,,,,1140.9,,,,,,,,,,,,,,,,,,799.396,797.767,,,570.805,,,,,,,,,,842.21,,,,1179.08,,,,,,,,,,,,,,,,,,,,,,,,,,,,,,,,,,,,,,,,,,,,,,,,,
79200.32813,,,,,,,,1039.93,,,,,,,,,,,,,,,,,,827.368,727.735,,,,,,,,,,,,,997.677,,,,1097.74,,,,,,,,,,,,,,,,,,,,,,,,,,,,,,,,,,,,,,,,,,,,,,,,,
79920.34375,,,,,,,,1013.54,,,,,,,,,,,,,,,,,,819.236,815.109,,,,,,,,,,,,,945.822,,,,,,,,,,,,,,,,,,,,,,,,,,,,,,,,,,,,,,,,,,,,,,,,,,,,,
80640.34375,,,,,,,,1056.52,,,,,,,,,,,,,,,,,,860.928,827.644,,,,,,,,,,,,,1094.36,,,,,,,,,,,,,,,,,,,,,,,,,,,,,,,,,,,,,,,,,,,,,,,,,,,,,
81360.35156,,,,,,,,1026.93,,,,,,,,,,,,,,,,,,891.195,793.626,,,,,,,,,,,,,1328.74,,,,,,,,,,,,,,,,,,,,,,,,,,,,,,,,,,,,,,,,,,,,,,,,,,,,,
82080.36719,,,,,,,,941.756,,,,,,,,,,,,,,,,,,842.104,846.409,,,,,,,,,,,,,1112.99,,,,,,,,,,,,,,,,,,,,,,,,,,,,,,,,,,,,,,,,,,,,,,,,,,,,,
82800.35938,,,,,,,,,,,,,,,,,,,,,,,,,,830.38,784.636,,,,,,,,,,,,,898.665,,,,,,,,,,,,,,,,,,,,,,,,,,,,,,,,,,,,,,,,,,,,,,,,,,,,,
83520.375,,,,,,,,,,,,,,,,,,,,,,,,,,870.435,744.883,,,,,,,,,,,,,729.723,,,,,,,,,,,,,,,,,,,,,,,,,,,,,,,,,,,,,,,,,,,,,,,,,,,,,
84240.39063,,,,,,,,,,,,,,,,,,,,,,,,,,,803.03,,,,,,,,,,,,,,,,,,,,,,,,,,,,,,,,,,,,,,,,,,,,,,,,,,,,,,,,,,,,,,,,,,
84960.375,,,,,,,,,,,,,,,,,,,,,,,,,,,709.724,,,,,,,,,,,,,,,,,,,,,,,,,,,,,,,,,,,,,,,,,,,,,,,,,,,,,,,,,,,,,,,,,,
85680.39844,,,,,,,,,,,,,,,,,,,,,,,,,,,766.533,,,,,,,,,,,,,,,,,,,,,,,,,,,,,,,,,,,,,,,,,,,,,,,,,,,,,,,,,,,,,,,,,,
86400.39844,,,,,,,,,,,,,,,,,,,,,,,,,,,668.451,,,,,,,,,,,,,,,,,,,,,,,,,,,,,,,,,,,,,,,,,,,,,,,,,,,,,,,,,,,,,,,,,,