0,313.031,1826.8,1236.12,765.848,404.63,145.78,152.769,1430.32,174.715,148.84,174.774,253.212,169.245,136.097,163.268,107.177,1708.36,1449.79,1355.5,1465.67,528.975,497.552,484.396,212.537,801.21,202.946,116.201,436.64,279.805,947.772,367.576,140.927,1616.34,1656.15,671.546,171.963,240.577,133.405,111.816,202.793,341.843,690.079,352.536,245.256,242.847,828.926,161.123,317.509,1616.25,291.323,1448.75,894.362,1918.66,1552.28,1297.5,107.049,592.638,841.946,1812.23,278.819,1455.24,1021.17,1256.73,879.982,1476.1,140.043,579.195,317.22,305.564,209.722,1157.34,1874.33,2199.98,1512.12,1290.36,257.336,140.266,1670.52,168.902,1913.88,183.812,149.57,195.214,131.744,644.059,512.828,128.677,1280.52,218.435,212.206,392.321,214.542,398.295
719.601013,306.866,1501.44,1154.97,663.914,366.218,152.546,153.861,1449.7,175.061,159.497,171.683,188.558,160.074,152.687,165.841,124.739,1488.43,1287.49,1530.23,1412.3,503.586,517.402,460.479,286.787,999.238,192.018,115.393,466.549,265.445,933.722,418.922,149.752,1675.55,1950.99,674.59,156.213,263.078,119.467,100.067,206.037,390.085,718.159,570.129,441.405,222.196,1250.9,167.691,319.167,2310.57,454.09,964.049,1081.53,2484.94,1833.14,1369.38,114.432,587.902,1071.11,2373.16,355.765,2094.44,1809.87,1177.64,805.685,2229.08,138.981,943.317,313,386.466,222.429,1250.19,2006.64,2185.06,1336.1,1986.02,280.506,114.949,1856.92,161.485,1904.11,186.648,141.191,135.386,134.059,610.915,491.759,142.034,1142.61,209.728,225.942,189.919,167.95,368.483
1439.607056,252.22,1046.71,1064.3,675.671,353.788,166.34,129.717,1466.42,146.311,154.854,172.262,203.414,163.552,165.982,162.494,99.8659,1247.22,1144.75,1565.48,1455.81,467.765,608.455,539.779,392.656,1179.09,153.423,116.509,566.409,328.043,905.031,472.134,216.399,1618.27,1503.4,924.276,174.659,343.402,191.221,96.3293,179.5,426.098,874.055,708.911,725.239,224.843,1008.13,393.049,374.834,1803.91,457.319,1210.53,1039.69,2181.43,1642.88,1420.76,161.171,556.473,1276.95,2394.45,574.049,1996.55,1367.9,2169.14,652.256,2337.03,128.019,1380.08,290.204,457.287,258.69,1486.23,2033.39,2119.9,1500.08,2048.04,273.996,123.264,2112.37,194.546,2005.67,190.455,129.385,153.572,159.894,511.305,450.261,142.61,812.872,233.12,219.242,164.157,149.515,307.008
2159.618896,632.208,1053.93,951.188,667.871,382.994,165.847,138.043,1350.99,167.438,149.687,189.521,189.317,133.485,132.865,168.104,125.436,1112.9,1015.52,1464.41,1374.59,400.294,625.5,541.36,472.012,1333.65,172.568,98.6196,620.359,340.585,924.759,445.783,222.054,1282.28,1316.63,794.098,157.479,401.793,163.902,101.706,211.196,392.212,809.607,1011.28,922.207,184.712,287.933,140.104,359.779,1456.63,373.018,1089.8,1116.04,1750.13,1667.86,1100.45,181.804,598.601,1298.39,2224.21,721.227,1915.53,1364.52,1979.53,861.012,2285.24,139.217,1712.16,322.773,539.38,288.97,1546.57,1848.02,2111.36,2189.99,1848.32,413.377,236.426,1969.75,187.672,1706.7,194.468,154.16,258.916,139.867,539.574,506.466,150.237,731.349,249.19,200.438,205.874,240.674,288.359
2879.620117,286.291,1033.43,998.92,592.012,405.476,172.288,126.552,1268.69,155.271,148.036,176.762,185.705,146.265,153.237,179.313,131.604,1146.8,960.944,1448.66,1236.73,372.555,691.616,507.527,513.713,1346.77,200.439,97.5549,718.89,363.817,795.137,451.238,173.573,1355.5,1516.21,687.713,178.353,419.77,200.406,97.6121,240.389,441.583,708.233,1275.21,1111.08,188.055,170.883,165.185,417.883,1441.96,324.72,1226.4,997.855,1679.29,1645.69,871.177,160.634,637.204,1400.64,2421.67,672.055,1693.63,1271.32,1551.26,875.732,2073.99,151.607,2008.16,362.988,586.281,158.816,1336.63,1734.5,2306.68,1824.61,1622.47,502.672,154.466,2013,175.257,1525.32,184.343,114.08,191.669,175.013,696.103,411.254,144.66,1154.95,214.208,190.167,154.916,138.902,270.945
3599.629883,352.748,927.939,1039.63,618.804,400.121,175.659,157.994,1131.79,177.313,162.895,194.639,206.288,149.527,192.816,190.215,149.583,1088.39,911.247,1441.86,1182.21,310.804,606.951,613.639,570.607,1337.55,166.107,144.855,1022.78,313.562,690.878,449.524,165.883,1682.98,2088.96,695.923,249.348,467.35,133.927,112.695,281.329,371.525,623.356,1260.18,1304.23,165.473,,162.824,440.938,1479.74,378.421,1348.93,1061.62,1517.07,1952.18,645.123,189.294,640.311,1471.33,2242.44,748.056,1872.01,1628.47,1323.73,775.281,2253.5,125.195,2190.14,416.97,691.153,155.43,1360.74,1292.15,2014.73,1658.22,1792.46,631.116,232.717,2574.71,181.456,1531.21,198.329,140.409,169.983,156.72,776.295,368.941,143.945,1457.64,239.165,184.475,215.335,140.282,258
4319.634766,208.713,762.864,1071.75,639.061,619.345,184.475,141.933,1044.06,164.722,138.654,177.256,225.866,154.951,135.734,180.774,193.055,1034.91,833.136,1292.65,1421.56,,586.331,905.272,550.485,1145.33,147.938,122.545,1292.2,276.713,608.634,419.976,180.54,1894.15,2192.83,652.652,125.951,490.824,148.975,131.389,196.378,339.939,602.061,1169.74,1469.59,168.895,,163.793,552.802,1489.97,333.994,1601.42,933.331,1596.35,2162.26,839.39,179.238,704.591,1746.86,2277.21,816.124,2052.7,2332.82,1227.72,687.169,2005.44,162.854,1990.06,387.098,710.03,171.758,1349.01,1290.49,1694.41,1943.24,2057.36,892.816,246.722,2703.7,171.137,2004.79,360.421,138.953,177.877,203.212,958.148,326.255,153.372,1379.19,233.75,199.864,267.877,276.118,222.107
5039.646973,236.791,562.683,1085.91,632.637,969.5,210.951,209.693,955.89,166.494,154.933,201.87,217.464,156.552,151.072,175.712,178.812,957.454,929.098,1315.16,1351.93,,622.184,1160.11,630.834,854.364,161.067,171.279,1461.74,296.264,628.673,457.211,202.494,1764.51,1827.62,528.018,153.233,427.804,235.309,156.679,189.634,327.927,583.615,1015.77,1511.38,182.436,,196.006,770.809,1225.16,355.302,1521.37,1081.54,1570.02,1964.46,778.264,176.391,947.152,1502.4,2440.66,818.503,2071.17,2811.29,1379.08,698.482,1833.24,191.515,1963.37,385.933,691.056,260.926,1371.97,1096.93,1912.18,2467.38,2218.99,1083.13,141.055,2540.91,159.346,2193.38,272.805,125.791,167.004,166.451,915.363,278.46,159.678,1345.48,223.46,201.492,351.264,169.745,242.477
5759.646973,170.92,625.236,1078.46,633.5,1260.29,244.851,222.061,697.171,137.732,189.012,229.681,166.384,146.533,155.369,200.638,176.006,709.282,981.506,1380.08,1124.95,,677.552,1442.43,883.19,738.86,219.307,150.325,1496.2,421.037,517.994,442.896,197.482,1685.87,1546.45,714.215,169.123,293.675,155.402,197.988,212.37,303.909,482.268,1039.29,835.89,210.669,,196.683,1103.26,1155.01,301.715,1386.17,1301.35,1416.26,1507.81,620.204,196.159,955.717,1710.7,2965.6,988.585,1978.39,2493.13,1359.73,670.207,2098.21,195.272,1995.52,483.171,639.854,422.329,1449.06,1201.38,1329.12,2882.83,2038.6,1158.06,122.768,2284.1,189.726,2085.6,239.089,153.634,160.245,179.278,687.521,269.967,145.814,1232.78,210.439,176.295,324.689,160.153,199.729
6479.649902,214.287,793.753,1207.92,559.22,1475.71,322.753,266.079,699.902,152.851,180.841,163.665,190.241,157.518,172.902,195.123,452.092,615.932,894,1408.85,1254.07,,723.429,1223.81,1043.6,936.671,183.778,271.129,1641.85,459.347,483.534,410.152,165.691,1569.35,1535.92,697.158,220.411,322.067,160.012,185.534,196.622,215.127,382.874,1059.13,965.701,220.848,,203.804,992.401,958.262,279.399,1236.58,1242.19,1109.12,1107.23,492.626,172.09,1094.96,1594.3,2695.9,913.804,1454.3,1798.91,1475.85,638.548,2011.9,230.476,2165.95,670.442,677.152,706.558,1521.02,852.994,1397.63,2970.14,1856.28,1438.68,119.949,2251.3,210.941,1737.65,310.706,153.253,138.155,157.285,647.042,255.435,171.376,1166.06,193.674,177.153,250.783,137.773,190.451
7199.660156,213.085,681.855,1236.51,590.148,1712.37,382.963,265.817,614.232,155.195,158.327,254.883,165.451,150.564,185.982,157.542,183.988,559.386,752.256,1337.51,1179.64,,676.63,1062.6,1137.33,945.675,194.685,356.387,2177.62,572.226,461.588,413.08,177.665,1462.5,1324.65,807.599,205.951,250.821,140.305,161.083,205.188,197.311,301.805,997.418,1091.89,284.555,,234.209,1135.58,803.622,305.784,1133.48,1212.34,1100.35,1028,364.335,195.543,1010.96,1633.83,2398.12,1090.38,924.482,1330.66,1303.13,595.151,2259.85,214.396,2232.82,917.506,638.006,1146.78,1371.48,710.916,905.048,2879.31,1742.83,1522.03,137.089,1850.38,209.867,1340.51,199.126,148.102,143.201,179.763,603.374,239.307,202.936,1082.45,188.915,163.698,190.462,206.675,202.768
7919.674805,184.622,662.268,1229.01,483.677,1507.47,473.195,298.663,525.957,147.171,155.204,329.073,183.864,151.846,160.577,210.129,222.288,521.598,613.586,1234.77,1112.84,,663.742,1291.41,1250.56,923.38,178.87,167.896,2041.48,572.421,505.581,420.16,169.41,1488.1,1250.52,773.565,212.185,221.533,154.055,170.313,223.736,235.891,303.078,884.718,1185.82,432.886,,219.907,1195.53,771.546,291.128,1291.24,1291.66,1174.75,950.915,306.354,164.319,1104.52,1644.63,2201.96,1292.1,826.586,943.153,1008.71,857.611,1727.05,198.491,1937.24,931.152,673.454,1215.23,1417.62,550.835,883.781,2591.63,1912.42,1326.77,125.322,1938.96,222.004,1149.16,402.532,160.331,142.664,176.143,551.462,224.953,146.771,1009.5,186.408,172.831,190.025,182.105,195.457
8639.68457,209.959,720.091,1479.24,456.348,1285.4,446.551,291.835,539.006,141.671,187.141,450.024,177.84,158.521,157.665,136.988,190.395,379.287,545.951,1131.95,1195.33,,633.27,1349.74,1255.32,881.065,159.619,305.329,2242.86,540.494,789.537,445.898,165.11,1323.83,1005.51,703.079,199.554,210.994,177.372,202.14,229,175.57,302.75,1088.51,1379.9,729.947,,246.71,1155.23,,304.546,1069.88,1163.85,1060.88,717.756,288.5,178.759,875.184,1817.9,1691.82,1238.19,712.773,783.65,740.091,952.628,1608.4,214.877,2008.73,922.852,697.638,1273.3,1418.3,539.153,1150.37,2454.6,1782.59,1256.84,125.094,1609.15,196.406,839.696,195.103,145.097,125.398,179.774,637.634,200.692,132.752,928.716,186.872,201.614,171.53,181.513,290.436
9359.679688,173.749,726.515,1643.76,563.024,1282.04,387.5,305.445,439.652,151.421,159.116,285.47,229.208,178.607,147.515,134.305,157.728,310.012,496.623,823.775,1407.74,,652.245,1262.79,1026.69,820.305,151.107,221.085,1689.29,815.233,924.738,505.853,165.414,1141.04,903.815,591.348,156.689,184.402,195.762,176.677,218.679,342.409,306.141,842.043,1298.36,933.488,,216.951,1066.27,,308.423,930.062,1265.2,841.969,574.908,316.414,176.863,906.059,2068.56,1333.74,1108.88,736.454,681.755,706.049,1206.95,1484.92,271.394,2188.29,1131.79,829.299,1018.48,1263.11,574.238,1030.05,2175.22,1779.1,1155.93,131.177,1321.75,252.94,663.653,210.072,158.601,143.458,171.449,701.992,207.513,150.337,1082.11,163.475,205.889,154.806,165.53,224.017
10079.69238,159.117,735.612,1569.82,771.219,1231.73,371.356,307.509,355.69,151.258,179.545,169.561,168.648,156.11,150.206,164.543,163.208,309.616,331.401,1179.52,1298.28,,567.436,1442.61,678.315,673.14,142.839,260.932,1690.79,1231.49,990.119,523.411,170.747,1078.49,1031.88,619.238,374.419,163.64,216.855,185.349,228.884,287.515,282.376,659.256,1095.98,1066.44,,216.827,915.42,,336.5,813.531,1705.54,590.774,485.019,291.031,174.152,929.344,2042.64,917.555,764.055,839,568.793,589.589,1145.26,1304.01,332.744,2538.41,1085.32,928.81,1090.66,1165.85,465.104,885.91,1885.69,1793.14,889.139,110.774,1143.67,200.881,676.345,217.646,151.748,162.519,149.405,573.835,183.263,144.03,1052.18,176.928,195.084,152.092,149.162,313.57
10799.7002,133.586,571.521,1690.91,847.835,1353.01,318.037,339.601,369.123,151.307,156.748,172.226,192.686,199.608,155.043,167.407,141.27,242.872,306.728,1447.81,1383.98,,580.123,1707.69,617.779,602.364,163.787,262.812,1211.12,1613.98,1259.41,593.284,166.006,910.902,861.117,652.186,406.163,186.994,227.325,170.558,224.196,260.463,305.183,555.62,1105.77,1048.59,,171.437,859.049,,365.364,741.394,2366.86,584.561,453.738,333.491,154.915,1173.79,1669.55,578.445,872.61,673.176,533.36,631.239,1337.2,1242.25,356.735,1532.73,997.681,1096.05,890.469,1070.55,346.252,901.525,1648.26,1699.72,705.816,131.526,936.568,189.492,878.766,170.317,140.184,141.222,167,538.46,176.424,169.723,924.511,186.073,155.186,164.347,154.046,238.576
11519.70313,128.358,389.85,1761.97,677.607,1159.29,299.395,334.896,382.337,164.802,162.171,181.761,196.16,189.567,151.488,193.11,154.626,267.411,261.374,1162.16,1488.24,,741.159,1873.25,826.153,636.785,143.875,248.645,923.103,1501.73,1132.21,669.142,199.582,883.982,777.648,648.354,556.201,178.323,189.47,154.095,184.37,237.346,276.891,581.454,955.134,1106.55,,163.648,872.759,,383.037,669.571,1334.33,607.438,377.476,366.932,168.896,1274.47,1252.66,418.976,820.209,665.09,598.166,566.774,1399.9,873.279,472.677,1782.57,956.307,1393.52,702.935,1028.62,336.061,802.262,1677.37,1753.83,545.876,141.894,905.612,185.576,1006.4,209.834,144.077,148.008,162.71,533.173,214.863,187.174,764.269,175.837,172.234,146.897,154.487,200.519
12239.70606,201.356,452.706,1731.64,617.185,1142.98,302.515,453.835,350.131,164.642,177.335,208.707,173.665,173.251,142.043,169.242,157.554,261.506,350.855,1060.37,1339.13,,1031.99,2141.51,767.673,705.798,140.166,281.538,748.593,1543.41,1129.68,777.564,202.401,834.135,816.105,454.198,278.638,169.604,181.579,163.78,192.384,388.679,258.19,402.896,836.433,1006.09,,170.602,999.632,,333.366,575.399,1221.23,679.737,286.564,435.899,171.817,1069.78,948.325,352.079,831.233,501.646,825.055,487.142,1126.29,634.768,658.216,2000.48,824.307,1449.38,963.877,841.792,306.36,654.38,1690.04,1350.89,415.712,136.74,671,201.894,1142.06,213.949,176.185,160.682,162.283,570.05,177.949,113.898,757.82,157.5,169.218,154.085,162.936,196.674
12959.7168,150.994,552.744,1837.3,561.339,1321.4,300.198,585.673,436.198,172.012,177.018,280.111,163.262,176.515,169.287,177.135,166.494,238.865,,1035.79,1352.45,,1278.67,2230.61,1003.6,789.429,142.646,264.393,683.793,1291.52,1154.9,751.389,118.957,665.239,668.253,338.616,317.933,153.287,161.634,155.512,182.252,380.098,259.621,415.796,757.591,936.402,,178.671,1238.47,,383.561,527.215,1731.73,660.755,320.043,509.388,184.223,753.852,801.372,326.262,795.543,471.122,785.957,374.172,923.792,487.687,883.793,2078.91,970.847,1620.78,1108.33,868.55,314.835,586.509,2014.78,1086.76,287.813,133.377,664.787,235.042,1269.81,209.325,163.382,133.209,178.152,800.738,184.79,105.835,702.949,156.682,174.204,152.561,141.564,207.783
13679.72754,143.722,644.865,1880.52,674.524,1637.83,276.515,887.111,530.394,179.776,170.981,177.129,242.115,169.293,147.878,182.638,178.864,234.546,,1148.05,1431.36,,1510.44,2594.35,989.722,947.406,120.933,304.167,758.865,1064.39,1343.06,771.414,158.024,743.663,633.663,279.196,328.23,140.238,154.609,211.006,174.458,476.665,268.929,393.642,587.638,904.762,,180.159,1121.01,,381.829,441.307,1585.67,577.755,,565.957,277.019,539.963,749.301,428.774,985.707,420.89,921.424,301.848,734.911,428.307,1096.07,2043.75,722.472,1642.74,1243.15,872.329,411.605,,2428.05,902.129,269.483,117.831,656.628,253.013,1289.81,202.966,150.597,196.047,142.849,1017.15,229.144,207.695,736.314,150.403,184.481,164.179,151.301,220.021
14399.73145,155.337,978.352,1948.46,657.935,1650.22,259.018,1020.03,668.693,174.784,156.337,160.957,234.879,188.048,120.244,177.62,184.809,255.16,,1333.85,1573.5,,1781.26,2699.86,1103.04,1155.48,108.877,240.691,857.256,752.767,1404.33,651.531,183.433,761.932,634.21,252.866,275.178,154.37,156.122,166.958,202.767,391.683,291.877,413.589,444.975,874.39,,204.84,1211.76,,358.172,429.958,1493.45,473.652,,514.117,325.223,438.473,617.738,263.939,1082.2,422.098,1039.96,270.706,570.824,364.689,1373.93,1998.3,621.186,1386.8,1279.87,852.037,340.448,,2209.95,915.921,261.822,125.389,623.498,294.332,1250.43,168.232,134.974,156.464,171.694,1035.65,219.881,191.378,808.513,148.151,192.131,167.547,134.307,209.936
15119.73731,173.613,952.068,1868.56,823.802,1525.37,254.255,1116.82,669.466,194.127,149.661,166.337,327.433,180.596,217.976,166.086,204.742,219.323,,1470.58,1681.21,,2186.61,2644.84,1058.2,1274.42,115.807,225.744,943.595,775.268,1212.55,633.129,185.549,591.055,589.221,223.177,260.451,189.037,157.866,273.735,193.537,468.086,229.963,335.801,443.117,1650.17,,175.738,1247.96,,329.518,415.405,1474.29,440.268,,410.024,362.713,390.751,657.695,228.706,1105.37,418.817,1040.43,264.697,588.202,328.141,1407.95,1900.59,547.503,1435.22,1438.15,827.561,357.46,,2830.64,862.783,261.868,115.415,591.364,378.826,1075.94,200.298,147.343,241.547,156.313,1002.78,171.038,171.962,666.325,154.702,210.22,159.57,139,
15839.74316,187.646,1078.64,2133.22,821.325,1457.64,261.58,1167.05,782.444,193.39,145.506,159.945,542.073,171.8,688.245,173.348,207.247,,,1460.11,2031.23,,2364.9,2597.99,905.732,1340.67,125.988,201.21,935.482,766.424,1133.22,567.238,231.89,505.957,532.822,214.34,184.778,170.847,163.348,261.939,164.041,402.784,213.768,323.259,545,1230.37,,164.799,1210.86,,318.914,306.683,1293.86,376.485,,270.665,354.239,325.323,660.352,225.824,1213.67,307.585,1100.9,239.343,986.329,302.418,1523.86,1561.31,515.14,1587.49,1244.06,759.988,309.278,,3004.59,1111.04,298.042,153.854,529.266,495.616,825.394,207.753,144.873,166.084,186.008,1111.68,176.008,167.954,751.667,147.381,268.392,168.151,144.35,
16559.74609,232.644,1065.37,2052.02,1066.3,1665.91,285.37,1200.18,819.693,212.939,159.673,161.497,431.86,170.89,130.41,193.172,176.804,,,1405.7,1766.84,,2278.91,2404.02,,1336.42,116.613,217.055,1007.09,841.896,1122.52,500.702,309.787,404.265,467.321,200.136,158.08,186.528,130.387,380.568,161.896,370.095,209.564,397.704,718.628,1482.83,,161.951,1044.21,,299.642,257.846,1720.41,347.97,,249.946,346.854,361.878,507.582,228.669,1241.42,258.671,875.116,206.879,1284.26,279.638,1412.46,1623.86,662.13,1701.95,1351.74,643.586,280.329,,3001.06,999.485,261.162,133.544,489.352,469.97,728.177,249.822,134.021,221.055,169.603,1109.01,216.171,161.238,735.396,169.366,258.868,161.427,152.109,
17279.74805,306.39,1064.78,1672.92,1245.94,1769.31,330.307,1184.83,801.5,384.258,179.89,182.276,459.042,178.247,239.582,210.348,216.36,,,976.233,2256.47,,2297.91,2152.88,,1121.59,116.933,219.698,1030.68,810.297,1093.85,476.315,218.265,315.062,430.423,196.567,221.307,181.713,147.086,392.53,253.927,351.663,193.491,373.591,895.238,1716.05,,149.585,1004.38,,350.378,428.224,2202.41,301.145,,243.23,439.588,286.043,432.747,267.463,1100.81,260.165,883.134,219.442,1604.04,280.22,1322.71,1585.68,874.226,1838.07,1303.92,625.699,207.018,,2754.28,940.871,258.949,132.678,504.832,521.92,634.047,182.682,149.232,255.441,207.664,1193.25,179.085,154.975,701.386,216.162,241.609,140.076,147.397,
17999.76172,378.367,1135.57,1501.7,1334.06,1822.3,341.061,1228.88,780.651,263.006,205.383,161.485,375.09,184.283,549.659,253.799,238.854,,,914.239,2695.95,,2333.93,2361.63,,1400.81,204.055,261.195,1081.74,790.829,958.172,393.196,255.39,297.963,437.129,172.673,256.206,176.178,131.736,312.285,187.11,391.88,193.282,380.935,902.537,2271.9,,161.331,971.006,,279.945,276.677,2306.46,296.626,,214.329,517.988,293.074,384.245,228.695,1018.08,241,832.536,213.307,1812.5,316.871,1105.72,1227.96,929.195,2211.55,1297.28,558.625,309.738,,2517.41,,271.814,204.18,461.308,602.602,528.709,175.814,157.139,218.422,202.421,1407.18,201.812,176.466,676.686,256.081,269.169,148.084,166.797,
18719.76367,375.756,1242.13,1415.5,1302.04,1573.3,459.123,1263.51,725.079,258.926,198.799,202.558,366.848,188.896,373.086,284.564,293.491,,,653.402,2945.91,,1826.76,2375.07,,1728.77,164.5,235.424,1036.2,854.166,882.626,395.209,251.837,344.068,354.791,169.227,237.042,183.141,112.037,343.341,207.881,300.667,161.81,324.716,902.304,2198.04,,160.222,921.79,,260.568,275.521,1755.62,243.448,,220.793,638.593,268.926,349.835,188.362,937.774,247.182,942.558,232.349,1905.43,339.695,1106.54,972.297,1269.17,2697.07,1307.79,486.552,323.871,,1921.01,,308.047,171.105,489.021,581.379,646.996,173.672,147.88,314.059,193.592,1288.54,201.383,173.755,781.258,160.757,277.046,146.794,167.949,
19439.77734,351.427,1215.1,1478.91,1485.38,2345.96,516.429,1574.27,686.476,297.819,177.561,165.675,366.297,170.901,427.152,303.173,399.418,,,500.153,2773.89,,1801.9,2534.23,,1765.8,201.97,200.909,1404.11,948.927,791.108,373.5,254.707,439.333,540.944,175.64,210.134,209.864,97.9518,365.816,188.415,239.402,169.265,235.865,811.839,2036.15,,162.012,1111.75,,274.062,261.104,1162.9,213.35,,198.677,600.652,243.65,334.184,237.196,933.829,217.472,708.835,221.576,1733.99,318.442,1102.43,789.976,1359.39,2713.83,1851.67,476.528,240.64,,1367.54,,414.339,137.803,547.824,542.564,562.627,186.94,165.406,256.996,199.78,1450.85,181.53,257.88,952.707,334.059,292.342,155.431,153.979,
20159.78516,323.086,1162.56,1548.14,1555.18,2383.47,553.281,1271.17,697.85,318.571,215.129,176.632,329.976,182.494,414.27,318.691,479.29,,,495.012,2499.2,,1718.17,2421.94,,1765.13,138.665,191,1520.16,966.515,699.732,372.409,246.012,434.589,264.098,164.801,197.364,206.409,137.109,180.25,183.485,246.833,173.172,238.089,782.366,1932.77,,168.54,1224.52,,250.718,219.675,866.457,228.784,,207.256,571.816,249.503,513.957,211.545,1344.91,223.042,901.798,227.399,1434.84,314.82,1290.05,1036.47,1252.66,2521.07,2098.55,480.963,260.239,,997.395,,652.608,142.051,553.021,460.706,498.608,207.314,192.908,234.349,196.093,1477.59,170.177,170.475,905.814,191.47,308.924,175.527,168.224,
20879.79102,311.343,1124.57,1479.28,1462.71,2048.16,488.067,850.121,614.928,307.372,204.528,229.601,271.964,159.994,194.117,310.6,696.546,,,358.429,2272.34,,1731.47,2303.55,,1652.97,151.76,205.772,1128.16,1027.91,759.703,299.744,228.607,361,251.54,163.283,200.699,242.466,164.84,162.146,209.521,249.152,150.331,205.731,700.305,1781.85,,166.341,1423.02,,251.127,,627.667,186.16,,216.969,452.196,265.135,463.854,207.665,1317.81,203.233,729.564,197.11,1290.22,309.595,1384.9,1283.21,1231.31,2844.53,1995.89,705.883,257.89,,966.957,,824.434,164.485,464.572,393.455,380.747,209.629,325.051,163.748,177.451,1314.47,156.886,169.06,910.864,165.657,292.899,166.15,141.929,
21599.79102,309.69,1249.47,1341.8,1437.22,1734.19,437.639,1069.8,535.036,314.096,171.352,189.738,243,177.152,352.136,372.294,1032.75,,,426.896,2381.58,,1737.81,2107.34,,1689.97,189.226,188.748,1237.48,1051.98,903.829,302.341,236.232,310.638,242.574,154.085,231.086,291.667,167.178,158.707,201.878,221.915,151.695,182.348,593.233,1799.82,,183.548,1674.25,,234.104,,418.085,193.847,,252.779,393.64,280.274,367.134,234.65,1410.18,222.043,619.012,224.509,1091.28,300.215,1565.82,1506.65,1121.35,2965.79,1580,889.429,240.576,,851.457,,818.406,148.578,387.791,467.411,430.882,159.927,415.332,250.139,185.895,1192.32,153.292,192.413,953.411,169.868,321.605,257.346,159.686,
22319.80469,286.957,1347.03,1060.82,1514.63,1566.48,497.098,1245.85,485.794,274.726,168.926,179.734,237.012,170.741,160.348,413.951,1054.07,,,393.307,2020.55,,1694.34,2022.61,,1642.07,337.136,259.494,1085.89,1068.1,1156.57,265.736,246.579,325.16,221.056,162.878,237.037,292.268,147.169,155.34,169.988,221.567,174.421,171.62,535.239,1857.28,,162.622,1451.47,,258.963,,374.264,197.232,,237.659,513.928,292.366,500.169,246.689,1570.3,196.623,500.228,214.549,1249.68,242.29,1693.81,1549.41,1222.18,3056.35,1576.82,1023.82,278.411,,816.589,,791.596,129.144,333.409,549.847,406.797,154.62,525.923,176.315,196.376,1215.21,136.319,186.11,883.721,181.207,375.293,215.321,169.444,
23039.80664,245.491,1384.9,911.393,1440.61,1496.25,361.921,1337.18,414.951,286.012,224.212,183.509,232.25,165.048,149.031,350.628,1383.06,,,376.415,2208.69,,1749.1,1928.55,,1526.84,310.241,207.744,886.548,1052.09,1165.69,252.5,362.152,558.747,201.779,158.701,212.244,290.564,129.488,142.264,162.018,211.799,160.642,143.706,475.895,1896.15,,165.378,1368.38,,246.368,,388.262,198.767,,190.364,707.759,286.854,387.601,228.048,1473.33,232.506,480.222,281.798,1298.61,195.111,1828.51,1491.65,1270.62,3329.62,1464.14,1184.76,266.744,,1027.82,,628.779,147.751,338.76,705.584,375.297,194.46,536.43,174.644,171.106,1122.95,147.139,214.962,793.592,149.191,393.084,176.115,163.777,
23759.82422,216.104,1272.05,791.762,1751.4,1416.08,344.988,1326.51,418.482,255.744,171.127,171.994,261.378,168.821,224.958,344.988,981.713,,,377.472,1849.75,,1738.44,1893.64,,1250.05,318.319,231.494,743.896,1061.93,997.393,250.571,335.343,613.944,223.589,149.94,193.75,264.152,153.333,138.265,153.153,215.092,173.473,128.37,409.262,1791.89,,191.134,1333.86,,253.055,,437.671,,,229.352,873.049,239.012,319.116,192.762,1457.11,214.626,484.667,255.055,1389.2,222.11,2046.73,1309.66,1370.07,3021.38,1102.22,1328.41,287.669,,902.08,,734.298,150.893,348.534,1201.56,327.607,167.021,502.547,210.051,201.54,1211.99,145.826,215.097,707.901,201.169,372.298,158.579,139.435,
24479.82031,192.656,1219.16,608.634,1910.41,1501.6,291.815,1185.05,366.206,224.488,175.392,181.024,287.195,174.602,306.199,314.963,1178.34,,,282.598,1364.52,,1723.09,1697.27,,960.072,226.409,372.178,615.351,937.176,1012.45,229.926,296.775,274.479,230.301,190.171,197.227,256.742,162.822,135.215,158.84,166.235,168.884,150.13,290.085,1875.49,,168.323,1167.74,,243.358,,475.375,,,181.317,895.445,207.282,221.611,174.215,1366.14,188.172,614.37,230.463,1223.62,204.586,2284.71,1084.94,1605.79,2879.62,859.466,1030.12,181.848,,747.445,,866.753,138.749,298.124,1455.92,315.253,156.517,485.182,193.338,231.03,1306.99,140.765,210.212,838.271,180.388,291.631,169.676,176.008,
25199.83008,190.518,1138.02,575.693,1543.17,1310.93,270.189,1234.65,324.994,248.037,182.791,193.183,359.969,191.626,352.235,300.791,1186.15,,,389.957,965.699,,1886.29,1624.2,,853.077,156.561,234.067,555.244,961.818,828.976,217.86,290.092,242.325,225.166,139.54,189.313,185.926,153.939,121.957,137.08,193.126,149.147,231.429,273.713,1697.42,,173.97,1142.09,,297.364,,384.902,,,222.988,1089.15,211.758,248.652,194.804,1712.6,188.337,636.57,259.736,1133.87,219.779,2697.71,1297.01,1631.27,2386.67,1051.56,1029.23,,,592.006,,964.013,151.177,293.855,1512.66,265.879,177.139,404.128,152.042,195.038,1465.45,181.773,200.788,884.419,235.038,306.296,184.945,158.421,
25919.83789,174.935,1227.86,597.049,1464.76,1211.04,244.54,1222.82,300.497,225.994,182.871,177.227,463.085,182.177,473.549,298.646,1367,,,,853.304,,2246.16,1534.56,,679.348,149.914,189.396,524.402,1035.28,779.917,220.037,352.444,459.135,207.399,161.816,154.389,230.657,131.939,146.043,157.067,233.159,200,294.319,236.337,1344.98,,169.84,1178.67,,268.897,,340.683,,,191.145,1020.07,197.663,314.376,,1815.04,188.36,665.417,229.555,1046.19,204.451,1884.33,1366.49,1338.45,2804.51,1097.6,1822.04,,,528.239,,969.043,161.017,249.809,1449.97,264.047,177.144,398.817,132.796,225.305,1561.17,210.786,229.402,780.426,187.387,252.127,154.042,152.591,
26639.8457,156.802,1077.39,,2090.12,1012.14,256.702,1121.17,270.037,195.398,242.848,191.594,480.646,171.252,435.201,301.646,1367.17,,,,679.194,,2306.62,1552.44,,584.097,205.718,275.067,503.802,1171.9,706.614,247.301,327.39,597.061,239.068,153.952,256.072,175.601,141.455,150.253,154.317,202.828,172.387,263.927,228.699,1108.33,,165.868,1060.25,,247.802,,332.736,,,211.466,918.315,181.399,244.606,,1748.92,,605.88,290.025,1047.18,212.716,1319.6,1354.66,1303.18,3377.76,1118.04,1436.35,,,481.704,,869.54,166.265,247.885,1539.34,237.117,171.118,350.613,145.641,188.246,1468.16,241.608,217.992,837.453,180.214,255.523,162.068,148.09,
27359.85156,163.364,1070.68,,1808.72,1091.9,208.134,830.184,270.785,163.975,245.573,185.331,536.945,200.632,496.092,356.53,1682.93,,,,648.699,,2347.76,1568.11,,459.411,209.847,311.167,482.479,1201.73,683.423,250.313,356.89,409.534,206.233,156.221,249.44,202.196,126.521,183.345,148.409,212.622,154.222,204.485,236.448,1079.53,,176.827,1107.04,,223.356,,287,,,193.13,941.117,162.184,212.927,,2244.68,,,232.685,1133.75,211.11,2370.31,1295.58,1117.66,1899.94,1018.89,1648.84,,,536.909,,797.644,188.106,307.705,1501.07,219.231,160.473,345.761,226.38,189.117,1449.08,269.338,196.517,928.697,163.915,387.688,149.619,150.185,
28079.86133,150.245,1078.77,,1535.27,1142.72,230.262,598.226,259.497,220.201,261.252,195.432,568.348,192.58,396.758,395.296,1994.88,,,,551.634,,2234.7,1745.26,,532.285,179.012,390.945,420.22,1252.37,691.841,263.667,382.38,502.233,210.847,163.101,216.659,174.018,159.101,138.476,143.939,162.747,149.368,274.578,210.726,1325.88,,175.018,1388.66,,,,338.957,,,166.227,1011.39,174.202,411.172,,2047.99,,,191.982,971.152,263.128,2478.54,1265.98,1054.16,2038.62,936.302,1786.81,,,480.718,,748.958,195.996,280.962,1417.89,218.811,196.631,296.809,319.265,299.842,1442.8,245.502,193.106,796.574,197.745,454.472,161.208,143.992,
28799.86328,148.898,1090.13,,1124.77,1046.97,206.451,411.939,217.761,204.055,315.865,217.142,511.552,189.319,259.706,440.951,2103.06,,,,502.713,,2260.09,1816.32,,482.861,188.207,222.36,352.28,1315.28,758.748,,282.092,498.815,273.056,156.713,183.945,,192.89,153.568,141.506,167.564,148.013,248.584,203.321,1498.18,,169.558,1620.94,,,,376.821,,,180.156,1183.82,170.957,359.85,,2399.99,,,245.419,817.685,204.036,2402.78,1079.05,900.926,1843.77,976.476,2007.38,,,,,766.315,140.131,323.43,1389.45,205.848,170.402,312.509,250.47,303.03,1498.98,204.603,182.055,812.899,168.601,511.809,236.551,174.648,
29519.86719,154.091,1132.68,,981.454,1079.55,211.944,315.037,219.485,192.417,403.451,276.85,585.768,304.245,247.969,469.096,2030.66,,,,449.976,,2043.42,1611.17,,315.73,251.707,155.91,381.982,1202.88,914.821,,249.561,247.834,247.833,177.675,199.957,,,160.11,150.213,136.061,160.64,282.365,219.718,2097.68,,162.963,1299.21,,,,473.482,,,180.186,1249.15,218.426,302.152,,2084.6,,,278.914,910.536,183.491,2377.91,791.025,854.518,2243.35,912.561,2181.75,,,,,930.633,233.992,285.712,1121.83,188.546,205.609,319.92,,245.059,1694.25,158.919,192.515,833.485,155.034,499.53,192.752,225.244,
30239.86914,150.791,1100.91,,1318.67,823.579,201.636,291.172,192.933,203.774,343.89,240.147,588.959,224.031,254.282,566.834,2394.87,,,,457.969,,2054.18,1872.57,,349.712,298.654,164.97,442.055,1215.33,988.479,,277.116,279.288,287.346,174.229,249.043,,,154.518,139.669,168.75,161.018,601.741,201.779,1999.55,,170.78,1545.93,,,,586.137,,,170.293,1281.28,438.877,348.297,,2231.61,,,473.837,891.555,189.018,2220.44,692.699,932.024,2154.84,,1921.07,,,,,975.047,209.962,270.35,1026.63,183.987,191.835,328.78,,215.979,1668.87,221.643,228.911,882.544,150.439,474.912,183.696,234.076,
30959.88672,194.03,1236.54,,1062.69,765.65,202.616,267.11,173.963,183.406,397.598,208.179,493.401,257.926,204.659,566.756,1257.71,,,,340.556,,1972.02,1933.91,,,351.309,178.421,532.091,1972.86,974.362,,222.691,270.278,370.748,173.307,209.219,,,159.171,154.217,148.037,179.774,1039.43,253.509,2270.7,,172.798,1935.59,,,,508.945,,,175.233,977.141,398.105,311.067,,3232.28,,,384.166,771.352,200.47,2244.98,755.337,985.994,2039.66,,1882.76,,,,,955.97,171.912,172.504,955.063,177.013,235.722,330.369,,220.89,1437.2,255.013,273.611,889.047,189.781,390.819,270.047,181.422,
31679.89648,173.423,1197.48,,1095.02,692.506,194.589,249.503,160.872,184.341,384.533,209.352,632.177,193.841,178.402,490.549,1452.86,,,,363.123,,1996.96,1894.54,,,268.679,182.319,490.835,1756,942.331,,312.399,244.444,318.19,168.725,224.46,,,152.573,152.846,193.296,200.463,,340.031,2447.91,,176.401,1978.07,,,,460.921,,,166.595,921.632,234.294,329.828,,2284.16,,,461.663,611.741,202.65,2259.54,884.323,1114.67,1715.44,,1786.64,,,,,941.055,172.737,187.338,841.26,181.331,319.889,340.742,,210.515,1859.97,230.898,378.149,955.78,166.632,356.421,247.266,134.504,
32399.90234,176.56,1475.83,,1132.56,549,173.867,273.65,176.434,177.79,382.358,197.759,608.679,175.421,205.761,494.585,2055.92,,,,342.963,,2016.7,1536.16,,,226.055,227.886,513.491,1491.12,836.691,,205.545,200.512,470.574,167.805,232.542,,,,171.616,143.761,169.158,,387.518,1942.91,,169.426,1588.93,,,,360.178,,,170.006,881.58,452.345,436.25,,2996.09,,,387.36,714.171,200.744,2040.79,688.963,918.589,1884.38,,1533.44,,,,,1151.67,145.285,235.919,1074.84,174.097,254.469,275.908,,161.551,1742.99,158.455,440.688,1245.03,155.667,326.456,259.26,152.519,
33119.90234,170.667,1375.67,,1247.78,552.238,181.836,268.244,162.777,124.25,364.349,180.252,511.564,186.644,190.086,473.415,2520.42,,,,262.71,,2186.12,1092.57,,,205.152,232.387,480.561,1475.17,783.793,,311.049,251.018,191.423,169.317,265.072,,,,185.494,148.787,192.787,,403.656,1732.8,,183.349,1207.02,,,,275.325,,,193.006,753.445,431.982,413.896,,2253.73,,,334.445,805.269,197.376,1898.84,622.655,913.871,1998.4,,1509.17,,,,,932.124,160.333,236.272,965.648,199.242,251.284,249.53,,196.753,1872.12,184.139,409.581,1188.83,149.822,331.878,337.104,152.584,
33839.91406,179.895,1401.5,,1117.13,387.14,190.773,273.043,160.946,140.963,300.97,195.75,493.213,179.196,216.982,402.252,2398.17,,,,245.212,,2162.88,1083.2,,,237.352,270.175,446.75,1287.46,872.646,,401.63,248.08,317.444,163.742,247.835,,,,174.262,137.712,151.099,,336.268,1949.25,,173.378,1348.73,,,,250.201,,,171.945,689.191,484.11,358.598,,1419.75,,,298.333,1012.04,213.601,1409.82,,875.172,1907.9,,1615.88,,,,,999.927,195.932,194.157,966.186,195.021,244.363,252.385,,204.348,1488.89,188.284,294.426,975.571,181,362.782,362.105,130.84,
34559.92578,149.109,1338.85,,1047.25,425.36,185.675,301.368,162.11,151.779,322.024,186.405,491.457,183.39,250.024,562.193,2486.15,,,,196.794,,2100.38,933.744,,,186.847,348.933,421.356,1099.7,951.561,,351.909,310.809,276.356,158.822,226.037,,,,182.793,141.11,156.485,,340.175,1940.27,,173.509,1670.36,,,,209.341,,,186.378,858.577,486.368,395.744,,1648.19,,,201.317,851.503,181.27,1358.6,,851.221,1437.17,,1636.39,,,,,1314.04,175.34,188.848,1043.41,218.349,202.941,245.474,,224.54,1407.51,216.072,513.265,889.596,200.171,,391.585,156.218,
35279.92188,158.509,1475.15,,849.177,387.679,188.067,319.258,180.669,165.926,314.537,160.608,409.945,178.879,198.472,783.827,2323.37,,,,205.256,,2004.26,867.104,,,184.655,463.215,545.665,1012.92,956.945,,369.652,310.074,271.521,168.146,214.852,,,,218.612,178.427,174.213,,289.65,1801.47,,154.241,1778.14,,,,224.207,,,185.479,862.951,516.816,341.497,,1409.91,,,208.64,756.939,215.077,894.147,,910.762,1425.32,,1737.91,,,,,1300.85,220.634,211.731,1003.97,181.47,160.561,196.66,,185.646,1294.34,205.568,893.525,1008.94,179.733,,373.79,145.447,
35999.92969,158.226,1582.7,,659.488,310.366,166.835,339.812,166.256,176.951,270.689,175.301,328.879,191.37,299.116,1089.78,2154.55,,,,,,1890.63,769.482,,,203.16,605.393,474.413,913.579,927.485,,310.031,313.981,256.84,169.795,221.098,,,,203.482,162.287,167.153,,274.356,1657.73,,167.791,1834.93,,,,238.867,,,180.42,777.798,463.393,296.173,,1290.5,,,248.313,901.864,192.778,715.467,,760.074,1462.06,,,,,,,1013.77,145.957,408.046,854.528,172.519,156.715,167.919,,212.081,1591.32,220.464,711.702,1116.95,175.232,,259.211,139.706,
36719.94141,165.417,1513.81,,518.543,281.865,174.196,406.207,190.121,142.549,272.387,180.72,379.659,253.092,213.822,1457.86,2343.88,,,,,,1732.42,620.628,,,188.331,633.827,297.933,702.799,744.062,,409.359,362.327,286.233,199.299,196,,,,201.061,155.178,170.201,,193.049,1396.77,,157.976,1451.04,,,,186.89,,,180.129,788.702,562.476,275.019,,1465.41,,,216.828,1112.14,191.319,680.588,,727.018,1326.63,,,,,,,924.65,176.556,283.354,724.523,161.626,207.504,136.477,,215.017,1564.21,212.616,960.185,1251.56,190.613,,328.917,136.308,
37439.94141,148.552,1462.56,,415.53,246.055,165.458,448.372,159.288,137.479,265.951,160.232,385.623,322.707,168.933,1257.19,2309.92,,,,,,1788.13,490.89,,,195.595,822.402,221.669,573.677,696.902,,298.883,298.16,364.35,176.245,210.611,,,,144.415,388.307,144.791,,211.509,1477.94,,179.305,1343.99,,,,212.142,,,176.97,868.896,395.104,381.799,,1692.05,,,354.884,1081.91,176.877,574.307,,603.262,1057.02,,,,,,,819.728,202.509,267.468,664.381,182.317,238.515,165.306,,205.641,1510.25,237.05,729.707,1294.93,188.338,,518.485,127.895,
38159.95313,173.104,1382.6,,322.372,259.638,160.921,434.445,164.374,160.116,235.785,191.951,326.154,167.473,245.747,1073.91,1933.7,,,,,,1645.34,576.778,,,186.768,662.756,268.037,524.396,494.207,,351.963,380.166,385.368,179.299,223.407,,,,250.683,332.395,,,222.172,1448.24,,176.25,1152.36,,,,236.724,,,163.092,897.945,338.921,444.031,,1637.96,,,236.4,931.145,192.81,555.854,,536.884,835.123,,,,,,,910.36,151,309.152,639.899,166.262,196.444,188.542,,204.39,1433.86,290.236,764.736,1217.86,222.597,,549.154,120.957,
38879.95313,155.903,1517.14,,329.085,209.778,178.018,606.577,171.602,169.399,258.043,168.463,348.885,172.079,184.396,652.42,1821.03,,,,,,1620.55,687.81,,,175.444,855.521,247.086,544.442,491.53,,362.405,379.074,276.718,163.091,232.36,,,,174.472,804.423,,,194.722,1360.97,,170.435,979.012,,,,,,,167.031,970.969,422.828,395.074,,1649.3,,,368.245,1341.47,,475.244,,618.636,654.748,,,,,,,913.443,204.392,446.521,655.366,151.46,176.318,220.209,,215.034,1338.01,384.672,995.133,1176.56,217.785,,866.796,130.046,
39599.96484,159.867,1581.01,,348.585,191.494,163.916,580.258,174.969,207.491,272.305,161.294,324.374,236.03,194.614,906.58,1458.39,,,,,,1625.3,869.877,,,200.92,1029.02,249.402,503.545,374.988,,275.616,382.377,279.08,180.808,209.296,,,,170.994,453.834,,,178.693,1623.74,,173.215,844.241,,,,,,,181.37,946.098,534.287,496.429,,1333.25,,,226.276,1353.76,,544.043,,562.903,492.54,,,,,,,921.838,156.556,337.114,618.579,230.587,149.302,232.093,,195.532,1190.36,455.83,1052.81,997.291,194.872,,1027.37,122.102,
40319.97656,161.687,1747.46,,302.591,215.866,167.779,513.878,177.333,184.414,270.573,218.792,254.543,155.129,181.599,726.422,1199.01,,,,,,1906.91,930.184,,,194.681,1201.94,273.071,500.72,323.787,,228.601,272.172,428.932,169.922,236.939,,,,157.878,296.62,,,185.988,1651.43,,162.252,765.525,,,,,,,178.16,880.732,526.213,375.928,,1170.03,,,205.473,962.396,,509.527,,667.843,437.926,,,,,,,794.5,149.594,312.114,553.916,161.038,179.068,234.797,,176.723,953.877,431.248,992.391,755.252,250.051,,1080.59,126.949,
41039.98047,161.778,1408.75,,260.59,225.469,152.871,420.43,167.698,207.681,266.067,228.252,327.512,199.012,177.527,1030.02,1058.64,,,,,,2080.55,969.319,,,188.152,977.577,277.555,494.698,514.528,,186.81,413.638,351,169.241,238.135,,,,168.061,401.345,,,170.37,1431.83,,171.213,659.432,,,,,,,182.72,865.145,412.718,457.774,,1084.41,,,215.176,835.432,,533.904,,692.503,484.951,,,,,,,724.873,162.385,306.025,451.396,161.919,177.494,280.167,,160.668,741.826,446.299,1150.16,643.757,182.928,,990.97,,
41759.98438,150.488,1664.87,,241.939,176.055,151.567,344.667,153.485,210.561,255.28,175.779,,167.6,203.043,976.585,975.073,,,,,,1500.05,1034.76,,,186,933.626,245.626,581.36,716.135,,211.699,388.753,358.233,159.055,183.084,,,,177.339,301.086,,,166.178,1339.92,,167.681,512.253,,,,,,,196.46,789.933,403.515,299.38,,942.823,,,196.074,867.781,,437.598,,713.054,390.491,,,,,,,726.575,150.063,190.884,400.689,172.6,150.895,361.415,,172.846,561.178,532.35,1233.41,624.597,188.26,,998.886,,
42479.98828,135.911,2633.09,,263.06,188.393,163.841,288.024,186.494,170.92,248.689,234.309,,177.806,163.65,854.256,1024.6,,,,,,1769.87,1011.81,,,184.589,734.718,312.689,431.805,1002.61,,180.08,248.494,412.105,177.167,211.588,,,,246.201,241.994,,,190.341,1495.55,,174.909,455.451,,,,,,,185.539,1008.56,502.296,368.184,,851.442,,,198.88,853.29,,458.256,,633.299,373.198,,,,,,,838.54,180.722,229.899,370.814,156.613,172.111,272.046,,187.111,477.458,519.839,1319.1,607.456,211.35,,857.893,,
43200,144.442,2332.02,,232.295,,154.037,261.22,187.76,183.494,216.872,511.037,,169.951,168.798,1021.58,1101.55,,,,,,1983.43,751.142,,,190.509,726.835,441.305,251.622,1409.53,,197.549,391.104,370.546,177.632,191.006,,,,374.25,259.552,,,163.681,1220.09,,170.16,414.599,,,,,,,167.765,1163.52,716.927,389.253,,846.006,,,191.577,904.335,,379.062,,600.429,366.469,,,,,,,837.682,194.944,250.574,303.059,148.13,200.991,478.214,,199.485,424.679,498.61,1322.5,509.831,187.081,,674.586,,
43920,192.39,1767.71,,219.88,,172.975,234.519,172.173,165.129,463.767,709.632,,133.583,169.762,1137.8,1020.7,,,,,,2295.65,754.589,,,191.509,821.248,561.853,253.376,1892.46,,191.434,404.148,370.644,,196.025,,,,651.748,252.652,,,168.129,1065.65,,150.883,521,,,,,,,199.284,1230.02,982.466,350.253,,928.39,,,202.819,878.673,,289.902,,589.494,322.294,,,,,,,758.624,162.517,255.239,269.371,186.315,189.632,713.861,,169.966,341.615,502.483,1296.12,429.928,202.2,,554.123,,
44640.01172,153.798,1594.64,,,,162.299,267.713,165.646,198.785,246.828,300.579,,113.067,153.642,1292.46,926.374,,,,,,2154.15,592.683,,,194.442,819.095,667.687,255.762,1896.73,,175.826,311.494,,,200.38,,,,1100.31,225.129,,,187.345,1085.48,,205.783,480.957,,,,,,,,1131.84,919.291,329.785,,704.59,,,191.872,830.994,,436.848,,746.176,302.509,,,,,,,676.77,223.546,160.696,244.333,156.221,179.106,537.432,,181.021,299.3,510.235,1384.14,388.14,201.714,,383.232,,
45360.01172,149.012,1653.36,,,,158.94,227.402,161.411,164.494,239.116,334.554,,154.849,182.098,1219.09,698.768,,,,,,1716.2,468.571,,,181.061,914.945,953.491,237.031,2164.26,,178.53,320.568,,,230.639,,,,1314.39,168.368,,,205.768,1136.9,,181.223,384.204,,,,,,,,1014.5,768.573,353.512,,551.829,,,201.47,823.835,,356.988,,802.382,290.024,,,,,,,675.077,156.331,306.266,240.076,149.316,181.366,349.17,,175.723,305.141,536.983,1325.87,266.979,164.22,,318.29,,
46080.02344,166.598,1723.18,,,,155.497,230.729,166.079,212.233,208.779,622.238,,174.872,,759.281,713.73,,,,,,1910.77,482.537,,,184.695,1062.37,1091.37,259.142,2211.65,,196.364,582.475,,,209.723,,,,1399.96,158.287,,,260.252,960.841,,154.364,380.79,,,,,,,,1053.71,661.89,332.636,,449.262,,,220.06,691.833,,378.244,,777.798,276.939,,,,,,,779.06,231.294,213.974,,164.063,183.267,364.226,,169.314,295.292,572.233,937.017,273.449,189.34,,289.66,,
46800.03906,168.669,1367.57,,,,142.742,194.29,174.623,218.591,204.859,507.957,,183.427,,578.595,836.705,,,,,,2015.06,369.687,,,180.8,984.538,1366.98,261.233,2101.32,,184.79,526.252,,,233.187,,,,1325.47,282.589,,,352.13,793.859,,167.366,309.494,,,,,,,,1158.96,533.764,446.109,,,,,255.638,662.706,,387.583,,760.399,294.069,,,,,,,622.6,178.213,238.831,,155.562,177.11,378.084,,177.894,247.315,681.481,847.886,247.615,158.213,,419.609,,
47520.03516,163.301,1047.62,,,,165.415,199.265,162.356,183.663,249.196,529.469,,192.634,,414.853,796.285,,,,,,1950.76,401.048,,,163.665,1078.04,1505.2,263.634,2039.15,,,546.173,,,224.183,,,,929.122,185.607,,,541.488,904.787,,168.239,294.16,,,,,,,,1031.43,349.195,417.867,,,,,,637.957,,317.442,,702.946,,,,,,,,523.323,144.329,225.35,,162.718,262.556,484.919,,166.409,245.093,819.704,633.225,213.776,197.389,,487.855,,
48240.04688,169.573,881.787,,,,157.715,190.571,183.768,197,220.865,391.448,,304.196,,399.804,776.661,,,,,,1842.04,375.329,,,155.926,1055.99,1593.34,224.302,2017.46,,,568.833,,,187.819,,,,903.374,154.417,,,599.855,696.373,,174.791,291.389,,,,,,,,912.829,356.264,463.537,,,,,,564.238,,271.037,,658.348,,,,,,,,455.902,164.233,215.157,,187.809,159.017,468.609,,212.421,224.386,802.274,578.338,224.983,223.092,,646.833,,
48960.05078,155.545,799.693,,,,179.232,185.748,181.018,232.945,207.262,839.815,,162.883,,346.86,659.222,,,,,,1611.58,341.227,,,168.189,1002.82,1655.93,289.908,1881.59,,,552.178,,,192.285,,,,746.274,184.233,,,722.337,554.421,,180.494,302.975,,,,,,,,813.166,310.133,476.706,,,,,,586.025,,334.976,,646.681,,,,,,,,360.236,196.613,212.958,,173.825,177.634,,,190.774,213.363,771.017,552.111,254.413,178.891,,676.966,,
49680.05859,,898.73,,,,179.908,183.074,212.146,,166.81,648.761,,170.663,,332.382,501.623,,,,,,1547.88,326.871,,,159.473,1053.34,1926.14,,1725.55,,,566.284,,,201.799,,,,668.142,271.325,,,1052.77,631.043,,173.382,295.383,,,,,,,,1050.37,348.16,479.606,,,,,,715.591,,380,,636.497,,,,,,,,,,,,,,,,,,,,,,,,,
50400.07031,,914.362,,,,176.03,194.372,217.152,,138.427,422.602,,169.283,,293.596,418.835,,,,,,1440.37,,,,137.47,987.025,1265.68,,1438.44,,,500.42,,,237.348,,,,629.135,325.429,,,1118.37,526.192,,179.308,261.568,,,,,,,,1107.93,314.679,486.06,,,,,,836.117,,383.827,,789.628,,,,,,,,,,,,,,,,,,,,,,,,,
51120.06641,,748.258,,,,220.281,218.488,227.479,,183.28,406.47,,195.982,,265.421,393.606,,,,,,1574.55,,,,176.406,1013.21,1386.79,,1223.62,,,552.589,,,,,,,453.06,379.448,,,983.917,599.927,,179.491,244.346,,,,,,,,1211.57,246.309,485.151,,,,,,898.11,,374.146,,,,,,,,,,,,,,,,,,,,,,,,,,,
51840.07813,,634.852,,,,238.159,221.386,253.03,,194.377,249.488,,249.313,,289.637,465.817,,,,,,1193.01,,,,174.012,540.294,1741.76,,1103.2,,,,,,,,,,440.726,258.75,,,907.994,501.585,,167.301,246.241,,,,,,,,1188.07,202.374,,,,,,,930.194,,372.969,,,,,,,,,,,,,,,,,,,,,,,,,,,
52560.08594,,500.628,,,,216.073,275.244,266.307,,187.123,202.085,,234.718,,304.762,565.216,,,,,,1025.07,,,,173.494,459.494,1944.16,,1034.84,,,,,,,,,,382.601,330.958,,,880.758,469.689,,175.436,204.08,,,,,,,,1166.47,253.809,,,,,,,906.679,,354.552,,,,,,,,,,,,,,,,,,,,,,,,,,,
53280.09375,,365.294,,,,210.604,206.128,290.791,,187.521,185.65,,209.172,,238.827,647.681,,,,,,817.469,,,,194.646,312.976,2101.86,,1231.86,,,,,,,,,,332.178,286.835,,,1062.15,,,173.636,205.574,,,,,,,,1169.13,228.867,,,,,,,753.908,,350.791,,,,,,,,,,,,,,,,,,,,,,,,,,,
54000.10156,,344.976,,,,214.922,195.828,292.424,,175.805,177.261,,300.951,,221.663,730.454,,,,,,686.675,,,,183.22,288.279,1639.38,,1124.17,,,,,,,,,,323.835,275.644,,,1296.35,,,165.006,204.907,,,,,,,,1039.91,219.691,,,,,,,632.828,,311.488,,,,,,,,,,,,,,,,,,,,,,,,,,,
54720.09766,,329.669,,,,,206.198,300.061,,186.476,184.687,,250.772,,246.822,646.877,,,,,,582.185,,,,166.939,237.604,1559.44,,1132.38,,,,,,,,,,317.561,264.349,,,1789,,,163.689,200.5,,,,,,,,1072.46,216.704,,,,,,,517.963,,,,,,,,,,,,,,,,,,,,,,,,,,,,,
55440.11328,,296.232,,,,,187.792,299.236,,191.712,189.422,,208.187,,478.494,837.146,,,,,,491.557,,,,168.055,233.756,1535.21,,991.354,,,,,,,,,,275.258,234.915,,,1595.27,,,169.617,217.907,,,,,,,,939.215,203.97,,,,,,,475.429,,,,,,,,,,,,,,,,,,,,,,,,,,,,,
56160.10938,,331.779,,,,,171.718,296.242,,173.518,192.037,,191.599,,173.865,1024.1,,,,,,389.305,,,,186.878,223.823,1551.77,,886.988,,,,,,,,,,204.215,206.152,,,1639.62,,,170.843,223.747,,,,,,,,938.531,204.896,,,,,,,582.958,,,,,,,,,,,,,,,,,,,,,,,,,,,,,
56880.11719,,321.472,,,,,199.785,286.75,,195.509,177.323,,218.811,,212.055,889.366,,,,,,426.067,,,,173.804,211.479,1532.83,,838.15,,,,,,,,,,204.221,212.841,,,1375.06,,,160.491,231.914,,,,,,,,934.006,170.833,,,,,,,,,,,,,,,,,,,,,,,,,,,,,,,,,,,,
57600.12891,,318.218,,,,,185.675,294.975,,178.579,153.187,,187.585,,179.892,815.427,,,,,,377.646,,,,180.555,210.448,1304.6,,862.687,,,,,,,,,,194.445,282.248,,,1327.39,,,152.656,220.568,,,,,,,,837.362,175.446,,,,,,,,,,,,,,,,,,,,,,,,,,,,,,,,,,,,
58320.14063,,275.509,,,,,180.896,308.463,,209.689,155.841,,219.228,,196.66,667.994,,,,,,330.396,,,,174.945,232.711,1009.61,,717.988,,,,,,,,,,204.519,213.38,,,1685.43,,,172.534,210.043,,,,,,,,811.862,179.957,,,,,,,,,,,,,,,,,,,,,,,,,,,,,,,,,,,,
59040.13672,,319.646,,,,,,218.188,,437.362,195.439,,215.791,,165.085,727.665,,,,,,310.533,,,,174.518,219.166,1013.52,,726.938,,,,,,,,,,190.789,211.311,,,1806.88,,,177.656,216.429,,,,,,,,730.215,205.37,,,,,,,,,,,,,,,,,,,,,,,,,,,,,,,,,,,,
59760.15234,,256.527,,,,,,224.378,,365.92,,,,,184.88,736.294,,,,,,357.5,,,,178.255,205.883,682.411,,914.957,,,,,,,,,,184.28,241.104,,,2129.66,,,176.321,241.34,,,,,,,,678.957,177.747,,,,,,,,,,,,,,,,,,,,,,,,,,,,,,,,,,,,
60480.15625,,257.184,,,,,,292.42,,441.339,,,,,197.89,578.57,,,,,,291.869,,,,176.122,201.97,842.969,,699.204,,,,,,,,,,218.362,228.748,,,1922.09,,,169.725,238.66,,,,,,,,680.331,245.073,,,,,,,,,,,,,,,,,,,,,,,,,,,,,,,,,,,,
61200.16016,,272.63,,,,,,295.141,,362.822,,,,,197.345,436.667,,,,,,276.945,,,,167.196,217.975,655.563,,822.951,,,,,,,,,,241.147,295.476,,,1850.7,,,161.665,,,,,,,,,603.098,254.914,,,,,,,,,,,,,,,,,,,,,,,,,,,,,,,,,,,,
61920.16406,,226.122,,,,,,257.742,,314.393,,,,,,379.969,,,,,,255.552,,,,161.299,238.518,,,908.774,,,,,,,,,,321.08,272.555,,,1497.66,,,166.756,,,,,,,,,660.311,227.38,,,,,,,,,,,,,,,,,,,,,,,,,,,,,,,,,,,,
62640.17969,,213.22,,,,,,347.536,,441.774,,,,,,301.817,,,,,,228.745,,,,183.579,321.613,,,849.043,,,,,,,,,,521.485,231.006,,,1484.38,,,154.098,,,,,,,,,684.195,256.16,,,,,,,,,,,,,,,,,,,,,,,,,,,,,,,,,,,,
63360.17969,,205.491,,,,,,401.079,,215.512,,,,,,293.988,,,,,,286.539,,,,165.861,227.573,,,976.543,,,,,,,,,,730.301,275.448,,,1799.82,,,173.412,,,,,,,,,659.198,210.104,,,,,,,,,,,,,,,,,,,,,,,,,,,,,,,,,,,,
64080.19141,,,,,,,,468.81,,185.742,,,,,,310.205,,,,,,233.244,,,,159.57,237.626,,,1066.87,,,,,,,,,,930.866,313.128,,,1767.43,,,167.073,,,,,,,,,650.595,,,,,,,,,,,,,,,,,,,,,,,,,,,,,,,,,,,,,
64800.19922,,,,,,,,390.866,,217.427,,,,,,305.713,,,,,,232.665,,,,168.53,248.659,,,1058.34,,,,,,,,,,1202.76,206.245,,,1810.8,,,145.333,,,,,,,,,,,,,,,,,,,,,,,,,,,,,,,,,,,,,,,,,,,,,,
65520.21094,,,,,,,,400.571,,192.898,,,,,,392.921,,,,,,235.294,,,,148.097,211.13,,,859.025,,,,,,,,,,1243.7,192.539,,,1608.35,,,163.201,,,,,,,,,,,,,,,,,,,,,,,,,,,,,,,,,,,,,,,,,,,,,,
66240.21094,,,,,,,,389.589,,215.457,,,,,,479.062,,,,,,193.006,,,,174.81,214.366,,,831.301,,,,,,,,,,1577.35,222.651,,,1683.35,,,186.509,,,,,,,,,,,,,,,,,,,,,,,,,,,,,,,,,,,,,,,,,,,,,,
66960.21875,,,,,,,,364.555,,179.722,,,,,,557.62,,,,,,219.463,,,,166.866,247.252,,,788.726,,,,,,,,,,1324.8,209,,,1571.54,,,163.663,,,,,,,,,,,,,,,,,,,,,,,,,,,,,,,,,,,,,,,,,,,,,,
67680.22656,,,,,,,,395.364,,270.681,,,,,,574.902,,,,,,221.145,,,,162.024,240.963,,,782.884,,,,,,,,,,1513.8,221.085,,,1752.98,,,177.221,,,,,,,,,,,,,,,,,,,,,,,,,,,,,,,,,,,,,,,,,,,,,,
68400.22656,,,,,,,,363.756,,471.104,,,,,,737.799,,,,,,285.47,,,,169.116,210.975,,,774.877,,,,,,,,,,1573.62,213.761,,,1605.2,,,157.552,,,,,,,,,,,,,,,,,,,,,,,,,,,,,,,,,,,,,,,,,,,,,,
69120.24219,,,,,,,,386.65,,223.067,,,,,,621.566,,,,,,281.189,,,,184.663,193.357,,,796.296,,,,,,,,,,1295.76,258.673,,,1730.76,,,178.006,,,,,,,,,,,,,,,,,,,,,,,,,,,,,,,,,,,,,,,,,,,,,,
69840.23438,,,,,,,,417.321,,213,,,,,,476.274,,,,,,284.152,,,,149.171,187.22,,,736.846,,,,,,,,,,1153.69,306.756,,,1627.13,,,165.864,,,,,,,,,,,,,,,,,,,,,,,,,,,,,,,,,,,,,,,,,,,,,,
70560.25781,,,,,,,,373.768,,203.346,,,,,,537.531,,,,,,202.938,,,,170.695,198.054,,,661.21,,,,,,,,,,1488.4,244.224,,,1502.38,,,179.884,,,,,,,,,,,,,,,,,,,,,,,,,,,,,,,,,,,,,,,,,,,,,,
71280.25,,,,,,,,409.012,,220.346,,,,,,502.909,,,,,,,,,,196.364,273.61,,,653.167,,,,,,,,,,1510.54,248.791,,,1405.23,,,163.706,,,,,,,,,,,,,,,,,,,,,,,,,,,,,,,,,,,,,,,,,,,,,,
72000.26563,,,,,,,,424.036,,193.387,,,,,,594.03,,,,,,,,,,181.665,233.84,,,694.202,,,,,,,,,,1511.48,,,,1566.28,,,,,,,,,,,,,,,,,,,,,,,,,,,,,,,,,,,,,,,,,,,,,,,,,
72720.26563,,,,,,,,377.543,,203.744,,,,,,,,,,,,,,,,185.227,219.379,,,691.883,,,,,,,,,,1550.04,,,,1848.11,,,,,,,,,,,,,,,,,,,,,,,,,,,,,,,,,,,,,,,,,,,,,,,,,
73440.27344,,,,,,,,477.018,,193.333,,,,,,,,,,,,,,,,235.761,200.012,,,638.256,,,,,,,,,,1729.14,,,,1706.49,,,,,,,,,,,,,,,,,,,,,,,,,,,,,,,,,,,,,,,,,,,,,,,,,
74160.28125,,,,,,,,422.709,,176.385,,,,,,,,,,,,,,,,217.889,496.73,,,638.317,,,,,,,,,,2163.59,,,,1684.18,,,,,,,,,,,,,,,,,,,,,,,,,,,,,,,,,,,,,,,,,,,,,,,,,
74880.29688,,,,,,,,365.226,,,,,,,,,,,,,,,,,,307.292,468.883,,,671.805,,,,,,,,,,2344.44,,,,2000.93,,,,,,,,,,,,,,,,,,,,,,,,,,,,,,,,,,,,,,,,,,,,,,,,,
75600.28906,,,,,,,,415.659,,,,,,,,,,,,,,,,,,366.276,283.006,,,665.177,,,,,,,,,,2097.87,,,,2244.19,,,,,,,,,,,,,,,,,,,,,,,,,,,,,,,,,,,,,,,,,,,,,,,,,
76320.3125,,,,,,,,569.604,,,,,,,,,,,,,,,,,,395.055,235.61,,,630.706,,,,,,,,,,2028.45,,,,2378.52,,,,,,,,,,,,,,,,,,,,,,,,,,,,,,,,,,,,,,,,,,,,,,,,,
77040.30469,,,,,,,,466.427,,,,,,,,,,,,,,,,,,405.27,187.141,,,586.683,,,,,,,,,,1412.18,,,,2770.23,,,,,,,,,,,,,,,,,,,,,,,,,,,,,,,,,,,,,,,,,,,,,,,,,
77760.3125,,,,,,,,692.467,,,,,,,,,,,,,,,,,,406.097,408.354,,,519.372,,,,,,,,,,1600.91,,,,1895.6,,,,,,,,,,,,,,,,,,,,,,,,,,,,,,,,,,,,,,,,,,,,,,,,,
78480.32813,,,,,,,,809.364,,,,,,,,,,,,,,,,,,441.457,549.841,,,479.935,,,,,,,,,,1348.43,,,,2252.1,,,,,,,,,,,,,,,,,,,,,,,,,,,,,,,,,,,,,,,,,,,,,,,,,
79200.32813,,,,,,,,899.488,,,,,,,,,,,,,,,,,,417.135,437.685,,,,,,,,,,,,,1470.52,,,,2405.08,,,,,,,,,,,,,,,,,,,,,,,,,,,,,,,,,,,,,,,,,,,,,,,,,
79920.34375,,,,,,,,827.373,,,,,,,,,,,,,,,,,,437.441,215.8,,,,,,,,,,,,,1100.48,,,,,,,,,,,,,,,,,,,,,,,,,,,,,,,,,,,,,,,,,,,,,,,,,,,,,
80640.34375,,,,,,,,851.927,,,,,,,,,,,,,,,,,,474.168,192.294,,,,,,,,,,,,,1247.29,,,,,,,,,,,,,,,,,,,,,,,,,,,,,,,,,,,,,,,,,,,,,,,,,,,,,
81360.35156,,,,,,,,701.128,,,,,,,,,,,,,,,,,,459.562,227.135,,,,,,,,,,,,,1686.76,,,,,,,,,,,,,,,,,,,,,,,,,,,,,,,,,,,,,,,,,,,,,,,,,,,,,
82080.36719,,,,,,,,583.396,,,,,,,,,,,,,,,,,,440.244,393.811,,,,,,,,,,,,,1657.15,,,,,,,,,,,,,,,,,,,,,,,,,,,,,,,,,,,,,,,,,,,,,,,,,,,,,
82800.35938,,,,,,,,,,,,,,,,,,,,,,,,,,497.258,343.623,,,,,,,,,,,,,1451.62,,,,,,,,,,,,,,,,,,,,,,,,,,,,,,,,,,,,,,,,,,,,,,,,,,,,,
83520.375,,,,,,,,,,,,,,,,,,,,,,,,,,546.798,242.736,,,,,,,,,,,,,1345.7,,,,,,,,,,,,,,,,,,,,,,,,,,,,,,,,,,,,,,,,,,,,,,,,,,,,,
84240.39063,,,,,,,,,,,,,,,,,,,,,,,,,,,287.152,,,,,,,,,,,,,,,,,,,,,,,,,,,,,,,,,,,,,,,,,,,,,,,,,,,,,,,,,,,,,,,,,,
84960.375,,,,,,,,,,,,,,,,,,,,,,,,,,,244.35,,,,,,,,,,,,,,,,,,,,,,,,,,,,,,,,,,,,,,,,,,,,,,,,,,,,,,,,,,,,,,,,,,
85680.39844,,,,,,,,,,,,,,,,,,,,,,,,,,,249.588,,,,,,,,,,,,,,,,,,,,,,,,,,,,,,,,,,,,,,,,,,,,,,,,,,,,,,,,,,,,,,,,,,
86400.39844,,,,,,,,,,,,,,,,,,,,,,,,,,,260.518,,,,,,,,,,,,,,,,,,,,,,,,,,,,,,,,,,,,,,,,,,,,,,,,,,,,,,,,,,,,,,,,,,